site,sec_struct,ss3,is_loop,flexibility
4,-,C,1,44.08
5,E,E,0,26.03
6,E,E,0,33.47
7,E,E,0,16.35
8,E,E,0,32.35
9,E,E,0,25.2
10,E,E,0,19.37
11,E,E,0,23.51
12,-,C,1,29.71
13,S,C,1,27.34
14,S,C,1,25.03
15,E,E,0,22.42
16,E,E,0,24.3
17,E,E,0,26.6
18,E,E,0,27.16
19,E,E,0,15.6
20,E,E,0,19.53
21,E,E,0,22.95
22,E,E,0,43.95
23,T,C,1,61.16
24,T,C,1,48.6
25,S,C,1,34.04
26,P,C,1,37.24
27,P,C,1,28.02
28,P,C,1,28.0
29,E,E,0,23.41
30,E,E,0,35.14
31,E,E,0,23.09
32,E,E,0,26.19
33,E,E,0,29.84
34,E,E,0,27.9
35,E,E,0,29.09
36,E,E,0,32.37
37,S,C,1,33.96
38,S,C,1,35.12
39,S,C,1,44.9
40,-,C,1,27.23
41,S,C,1,26.26
42,E,E,0,25.73
43,E,E,0,36.89
44,E,E,0,50.29
45,E,E,0,28.69
46,E,E,0,24.31
47,S,C,1,29.63
48,E,E,0,24.18
49,E,E,0,33.19
50,E,E,0,10.39
51,E,E,0,16.53
52,E,E,0,10.26
53,-,C,1,15.32
54,P,C,1,14.56
55,P,C,1,10.33
56,P,C,1,16.99
57,-,C,1,22.48
58,-,C,1,16.25
59,S,C,1,16.36
60,H,H,0,19.81
61,H,H,0,16.24
62,H,H,0,18.76
63,H,H,0,14.12
64,H,H,0,20.47
65,H,H,0,17.37
66,H,H,0,16.26
67,H,H,0,19.48
68,H,H,0,20.0
69,H,H,0,17.98
70,H,H,0,21.64
71,H,H,0,22.77
72,H,H,0,7.56
73,H,H,0,25.84
74,H,H,0,18.55
75,H,H,0,24.96
76,H,H,0,18.47
77,H,H,0,14.27
78,H,H,0,26.86
79,H,H,0,16.41
80,H,H,0,19.96
81,H,H,0,21.62
82,H,H,0,28.36
83,H,H,0,29.43
84,H,H,0,22.36
85,H,H,0,30.52
86,H,H,0,29.48
87,H,H,0,34.11
88,H,H,0,38.19
89,H,H,0,30.46
90,H,H,0,32.14
91,H,H,0,32.56
92,H,H,0,30.92
93,H,H,0,34.57
94,-,C,1,36.63
95,S,C,1,37.59
96,S,C,1,40.89
97,H,H,0,25.2
98,H,H,0,29.21
99,H,H,0,26.02
100,H,H,0,24.06
101,H,H,0,23.48
102,H,H,0,31.59
103,T,C,1,17.53
104,T,C,1,24.26
105,T,C,1,14.55
106,S,C,1,21.54
107,-,C,1,39.83
108,T,C,1,31.19
109,T,C,1,31.84
110,T,C,1,30.41
111,-,C,1,27.97
112,S,C,1,35.3
113,S,C,1,25.11
114,-,C,1,28.16
115,S,C,1,19.36
116,-,C,1,21.08
117,T,C,1,29.02
118,T,C,1,28.99
119,T,C,1,42.62
120,S,C,1,31.32
121,S,C,1,19.18
122,H,H,0,33.37
123,H,H,0,34.1
124,H,H,0,32.51
125,H,H,0,34.01
126,H,H,0,37.86
127,H,H,0,27.75
128,H,H,0,30.5
129,H,H,0,26.65
130,H,H,0,45.34
131,H,H,0,40.52
132,-,C,1,30.75
133,S,C,1,23.66
134,S,C,1,21.33
135,H,H,0,10.69
136,H,H,0,26.95
137,H,H,0,19.43
138,H,H,0,28.14
139,H,H,0,32.64
140,H,H,0,43.67
141,H,H,0,22.95
142,H,H,0,31.08
143,H,H,0,42.33
144,H,H,0,42.34
145,-,C,1,37.5
146,-,C,1,42.12
147,S,C,1,41.98
148,-,C,1,40.21
149,-,C,1,34.39
150,-,C,1,29.68
151,H,H,0,25.42
152,H,H,0,24.74
153,H,H,0,28.74
154,H,H,0,29.47
155,H,H,0,20.93
156,H,H,0,10.19
157,H,H,0,32.83
158,H,H,0,12.64
159,H,H,0,16.2
160,H,H,0,17.96
161,H,H,0,26.94
162,H,H,0,16.89
163,H,H,0,22.02
164,T,C,1,19.16
165,-,C,1,28.24
166,-,C,1,27.54
167,B,E,0,20.02
168,-,C,1,23.36
169,-,C,1,23.17
170,S,C,1,30.28
171,-,C,1,36.0
172,S,C,1,34.79
173,-,C,1,52.83
174,-,C,1,51.38
175,-,C,1,72.09
176,-,C,1,64.6
177,-,C,1,74.01
178,G,H,0,70.07
179,G,H,0,62.08
180,G,H,0,65.28
181,H,H,0,56.86
182,H,H,0,66.95
183,H,H,0,51.54
184,H,H,0,63.51
185,H,H,0,65.83
186,H,H,0,69.75
187,H,H,0,57.62
188,H,H,0,51.8
189,H,H,0,54.71
190,H,H,0,75.66
191,H,H,0,62.96
192,H,H,0,59.5
193,H,H,0,58.55
194,H,H,0,71.37
195,H,H,0,68.98
196,T,C,1,62.84
197,S,C,1,86.85
198,S,C,1,93.74
199,S,C,1,101.4
200,P,C,1,88.3
201,P,C,1,64.53
202,P,C,1,71.51
203,-,C,1,89.33
204,T,C,1,102.17
205,T,C,1,76.63
206,-,C,1,58.5
207,-,C,1,44.98
208,H,H,0,55.86
209,H,H,0,73.83
210,H,H,0,70.06
211,H,H,0,46.22
212,H,H,0,67.14
213,H,H,0,66.3
214,S,C,1,58.56
215,S,C,1,67.08
216,S,C,1,73.14
217,-,C,1,57.98
218,H,H,0,54.83
219,H,H,0,50.77
220,H,H,0,62.56
221,H,H,0,54.41
222,H,H,0,51.97
223,H,H,0,54.78
224,H,H,0,55.75
225,H,H,0,56.25
226,H,H,0,58.27
227,H,H,0,61.18
228,S,C,1,57.79
229,S,C,1,54.36
230,T,C,1,67.2
231,T,C,1,87.39
232,-,C,1,71.15
233,-,C,1,71.96
234,T,C,1,70.16
235,T,C,1,74.39
236,S,C,1,58.5
237,H,H,0,42.41
238,H,H,0,44.19
239,H,H,0,51.74
240,H,H,0,41.89
241,H,H,0,52.76
242,H,H,0,53.91
243,H,H,0,52.17
244,H,H,0,59.78
245,H,H,0,56.27
246,T,C,1,60.71
247,T,C,1,52.12
248,-,C,1,65.27
249,-,C,1,72.65
250,-,C,1,59.3
251,B,E,0,61.74
252,-,C,1,53.47
253,T,C,1,62.76
254,T,C,1,69.11
255,T,C,1,53.38
256,T,C,1,61.01
257,T,C,1,79.25
258,-,C,1,76.16
259,S,C,1,86.4
260,S,C,1,82.59
261,-,C,1,64.0
262,-,C,1,54.19
263,B,E,0,63.69
264,-,C,1,62.47
265,-,C,1,58.09
266,T,C,1,51.09
267,T,C,1,64.23
268,S,C,1,77.44
269,T,C,1,83.26
270,T,C,1,77.9
271,H,H,0,66.55
272,H,H,0,64.64
273,H,H,0,74.56
274,H,H,0,59.83
275,H,H,0,61.34
276,H,H,0,77.84
277,H,H,0,76.4
278,H,H,0,67.73
279,H,H,0,66.85
280,H,H,0,62.2
281,H,H,0,54.04
282,H,H,0,50.15
283,-,C,1,54.77
284,G,H,0,82.19
285,G,H,0,81.47
286,G,H,0,77.05
287,H,H,0,63.88
288,H,H,0,65.9
289,H,H,0,58.98
290,H,H,0,60.4
291,H,H,0,63.62
292,H,H,0,57.57
293,H,H,0,53.96
294,H,H,0,59.95
295,H,H,0,47.81
296,H,H,0,58.49
297,H,H,0,55.26
298,H,H,0,50.57
299,H,H,0,55.06
300,H,H,0,47.47
301,T,C,1,41.33
302,T,C,1,41.73
303,H,H,0,41.3
304,H,H,0,49.03
305,H,H,0,48.8
306,H,H,0,42.25
307,-,C,1,38.88
308,S,C,1,42.59
309,-,C,1,63.1
310,T,C,1,59.76
311,T,C,1,81.58
312,T,C,1,67.81
313,-,C,1,51.51
314,S,C,1,38.84
315,-,C,1,34.71
316,H,H,0,23.09
317,H,H,0,24.65
318,H,H,0,30.33
319,H,H,0,23.54
320,H,H,0,35.5
321,H,H,0,40.21
322,H,H,0,29.46
323,H,H,0,30.58
324,H,H,0,32.53
325,H,H,0,35.5
326,H,H,0,27.79
327,H,H,0,29.68
328,H,H,0,35.08
329,H,H,0,34.22
330,H,H,0,28.0
331,H,H,0,40.28
332,H,H,0,38.43
333,H,H,0,41.69
334,H,H,0,36.86
335,H,H,0,39.0
336,H,H,0,48.3
337,H,H,0,47.65
338,H,H,0,57.88
339,H,H,0,57.57
340,H,H,0,52.75
341,H,H,0,66.62
342,H,H,0,69.48
343,-,C,1,65.83
344,G,H,0,68.15
345,G,H,0,65.47
346,G,H,0,52.82
347,H,H,0,49.16
348,H,H,0,57.58
349,H,H,0,57.03
350,H,H,0,42.66
351,H,H,0,42.17
352,T,C,1,49.86
353,-,C,1,50.31
354,T,C,1,42.76
355,T,C,1,39.13
356,S,C,1,63.19
357,S,C,1,49.42
358,S,C,1,38.87
359,H,H,0,42.05
360,H,H,0,41.82
361,H,H,0,41.29
362,H,H,0,46.16
363,H,H,0,33.54
364,T,C,1,40.19
365,S,C,1,43.71
366,S,C,1,47.87
367,-,C,1,43.67
368,-,C,1,36.87
369,H,H,0,28.08
370,H,H,0,41.49
371,H,H,0,43.9
372,H,H,0,34.99
373,H,H,0,48.76
374,H,H,0,55.45
375,H,H,0,54.29
376,H,H,0,65.83
377,H,H,0,83.65
378,H,H,0,65.9
379,H,H,0,53.35
380,H,H,0,67.74
381,H,H,0,81.57
382,H,H,0,88.21
383,-,C,1,74.87
384,-,C,1,67.77
386,-,C,1,54.05
387,H,H,0,77.15
388,H,H,0,57.98
389,H,H,0,65.2
390,H,H,0,63.07
391,H,H,0,62.39
392,H,H,0,56.59
393,H,H,0,51.0
394,H,H,0,67.5
395,T,C,1,56.62
396,T,C,1,52.32
397,-,C,1,58.02
398,S,C,1,53.99
399,S,C,1,38.6
400,-,C,1,25.62
401,-,C,1,27.56
402,S,C,1,20.62
403,S,C,1,24.35
404,-,C,1,33.76
405,T,C,1,36.48
406,T,C,1,20.01
407,G,H,0,19.26
408,G,H,0,29.37
409,G,H,0,30.83
410,-,C,1,27.55
411,B,E,0,30.06
412,H,H,0,19.75
413,H,H,0,32.98
414,H,H,0,38.67
415,H,H,0,21.82
416,H,H,0,25.22
417,H,H,0,21.24
418,H,H,0,30.44
419,H,H,0,25.41
420,H,H,0,40.32
421,H,H,0,28.73
422,H,H,0,29.39
423,H,H,0,37.65
424,H,H,0,55.81
425,H,H,0,36.16
426,H,H,0,23.45
427,T,C,1,42.67
428,T,C,1,37.84
429,T,C,1,28.95
430,-,C,1,34.9
431,H,H,0,45.54
432,H,H,0,37.45
433,H,H,0,27.46
434,H,H,0,44.94
435,H,H,0,49.76
436,T,C,1,34.31
437,H,H,0,38.5
438,H,H,0,33.82
439,H,H,0,26.76
440,H,H,0,40.75
441,H,H,0,29.91
442,H,H,0,30.56
443,H,H,0,32.43
444,H,H,0,21.65
445,H,H,0,25.87
446,-,C,1,20.71
447,-,C,1,28.56
448,-,C,1,21.61
449,-,C,1,11.37
450,T,C,1,21.09
451,T,C,1,24.84
452,T,C,1,18.87
453,-,C,1,21.6
454,-,C,1,17.23
455,-,C,1,24.29
456,-,C,1,20.72
457,S,C,1,26.73
458,S,C,1,32.76
459,-,C,1,31.77
460,-,C,1,32.77
461,T,C,1,25.1
462,T,C,1,24.52
463,-,C,1,20.17
464,-,C,1,25.09
465,-,C,1,36.57
466,-,C,1,27.6
467,B,E,0,37.3
468,S,C,1,39.45
469,S,C,1,49.11
470,-,C,1,55.59
471,S,C,1,57.49
472,P,C,1,37.17
473,P,C,1,26.4
474,-,C,1,25.04
475,S,C,1,19.66
476,S,C,1,33.73
477,S,C,1,27.55
478,H,H,0,32.79
479,H,H,0,33.63
480,H,H,0,44.62
481,H,H,0,33.06
482,B,E,0,29.93
483,-,C,1,31.54
484,H,H,0,24.47
485,H,H,0,31.65
486,H,H,0,23.84
487,H,H,0,26.25
488,H,H,0,28.43
489,H,H,0,35.14
490,H,H,0,21.96
491,H,H,0,18.68
492,H,H,0,34.67
493,H,H,0,30.5
494,T,C,1,27.63
495,T,C,1,22.75
496,S,C,1,31.55
497,P,C,1,28.42
498,B,E,0,35.24
499,P,C,1,35.58
500,S,C,1,42.03
501,S,C,1,40.63
502,S,C,1,36.82
503,T,C,1,35.25
504,T,C,1,31.75
505,S,C,1,40.35
506,B,E,0,44.08
507,P,C,1,25.73
508,P,C,1,21.64
509,B,E,0,27.32
510,T,C,1,22.48
511,T,C,1,28.16
512,-,C,1,33.67
513,H,H,0,25.18
514,H,H,0,27.48
515,H,H,0,35.67
516,H,H,0,44.05
517,H,H,0,38.92
518,H,H,0,25.99
519,H,H,0,38.54
520,H,H,0,27.15
521,H,H,0,30.4
522,H,H,0,35.42
523,H,H,0,33.57
524,H,H,0,37.2
525,T,C,1,43.09
526,T,C,1,39.1
527,-,C,1,50.02
528,E,E,0,59.1
529,E,E,0,54.25
530,E,E,0,59.94
531,-,C,1,75.05
532,S,C,1,80.03
533,S,C,1,70.96
534,-,C,1,71.21
535,S,C,1,72.36
536,S,C,1,67.93
537,-,C,1,65.01
538,E,E,0,53.47
539,E,E,0,53.88
540,-,C,1,40.65
541,-,C,1,44.08
542,H,H,0,48.69
543,H,H,0,51.84
544,H,H,0,44.07
545,H,H,0,42.75
546,H,H,0,47.67
547,H,H,0,39.14
548,H,H,0,40.61
549,I,H,0,35.68
550,I,H,0,46.4
551,I,H,0,42.79
552,I,H,0,35.71
553,I,H,0,30.53
554,T,C,1,31.18
555,T,C,1,40.73
556,-,C,1,51.85
557,S,C,1,48.23
558,S,C,1,50.69
559,-,C,1,34.15
560,B,E,0,34.63
561,H,H,0,29.13
562,H,H,0,30.61
563,H,H,0,47.68
564,I,H,0,43.99
565,I,H,0,41.95
566,I,H,0,60.59
567,I,H,0,52.59
568,I,H,0,47.31
569,I,H,0,57.43
570,I,H,0,64.62
571,H,H,0,68.07
572,H,H,0,50.54
573,H,H,0,71.08
574,-,C,1,67.45
575,-,C,1,69.28
576,S,C,1,55.73
577,-,C,1,64.91
578,-,C,1,56.7
579,E,E,0,55.13
580,E,E,0,43.13
581,-,C,1,48.51
582,S,C,1,48.25
583,-,C,1,48.96
584,-,C,1,57.99
585,S,C,1,52.56
586,B,E,0,38.47
587,-,C,1,38.42
588,S,C,1,32.33
589,-,C,1,33.62
590,-,C,1,16.32
591,-,C,1,34.43
592,H,H,0,26.11
593,H,H,0,38.93
594,H,H,0,30.67
595,H,H,0,37.54
596,H,H,0,35.63
597,H,H,0,45.89
598,H,H,0,42.26
599,H,H,0,49.61
600,H,H,0,45.33
601,H,H,0,48.29
602,-,C,1,55.12
603,-,C,1,54.96
604,H,H,0,42.09
605,H,H,0,54.25
606,H,H,0,53.09
607,H,H,0,42.37
608,H,H,0,42.88
609,-,C,1,39.3
610,G,H,0,51.91
611,G,H,0,65.37
612,G,H,0,57.87
613,H,H,0,36.68
614,H,H,0,36.65
615,H,H,0,45.19
616,H,H,0,43.3
617,H,H,0,33.94
618,H,H,0,32.6
619,H,H,0,31.92
620,H,H,0,27.21
621,H,H,0,22.79
622,H,H,0,23.02
623,H,H,0,23.2
624,H,H,0,22.54
625,H,H,0,20.91
626,-,C,1,23.64
627,-,C,1,49.32
628,-,C,1,41.76
629,H,H,0,48.03
630,H,H,0,54.95
631,H,H,0,33.59
632,H,H,0,38.02
633,H,H,0,45.88
634,H,H,0,32.58
635,H,H,0,52.46
636,H,H,0,53.16
637,G,H,0,57.41
638,G,H,0,41.32
639,G,H,0,57.5
640,G,H,0,68.4
641,G,H,0,58.91
642,T,C,1,55.05
643,S,C,1,55.41
644,-,C,1,59.34
645,H,H,0,62.99
646,H,H,0,62.35
647,H,H,0,48.44
648,H,H,0,38.01
649,H,H,0,47.23
650,H,H,0,44.17
651,H,H,0,29.67
652,H,H,0,48.03
653,H,H,0,51.08
654,-,C,1,47.98
655,-,C,1,58.38
656,-,C,1,41.83
657,-,C,1,36.47
658,-,C,1,30.9
659,B,E,0,30.6
660,-,C,1,44.37
661,S,C,1,37.49
662,S,C,1,28.23
663,-,C,1,40.99
664,H,H,0,29.88
665,H,H,0,49.28
666,H,H,0,34.88
667,H,H,0,53.2
668,H,H,0,31.55
669,T,C,1,42.27
670,-,C,1,39.6
671,-,C,1,42.87
672,-,C,1,58.36
673,T,C,1,63.18
674,T,C,1,72.97
675,T,C,1,69.59
676,-,C,1,59.51
677,-,C,1,52.79
678,-,C,1,41.94
679,H,H,0,45.3
680,H,H,0,33.23
681,H,H,0,45.9
682,H,H,0,40.57
683,H,H,0,47.56
684,H,H,0,40.88
685,-,C,1,39.57
686,-,C,1,38.12
687,T,C,1,53.88
688,T,C,1,67.8
689,S,C,1,55.04
690,-,C,1,38.7
691,-,C,1,57.31
692,-,C,1,56.16
693,H,H,0,45.5
694,H,H,0,37.99
695,H,H,0,53.44
696,H,H,0,50.69
697,H,H,0,60.15
698,H,H,0,55.21
699,-,C,1,54.36
700,T,C,1,50.77
701,T,C,1,43.79
702,S,C,1,51.83
703,S,C,1,61.6
704,H,H,0,50.28
705,H,H,0,56.61
706,H,H,0,69.42
707,H,H,0,51.97
708,H,H,0,48.99
709,-,C,1,68.91
710,-,C,1,61.16
719,-,C,1,34.55
720,H,H,0,39.92
721,H,H,0,47.53
722,H,H,0,45.02
723,H,H,0,27.48
724,H,H,0,28.62
725,H,H,0,36.81
726,T,C,1,34.76
727,S,C,1,29.37
728,S,C,1,29.04
729,S,C,1,31.14
730,-,C,1,41.59
731,H,H,0,41.57
732,H,H,0,26.73
733,H,H,0,33.36
734,H,H,0,23.76
735,H,H,0,30.0
736,H,H,0,27.99
737,H,H,0,17.63
738,H,H,0,13.93
739,H,H,0,20.98
740,H,H,0,36.77
741,H,H,0,22.53
742,H,H,0,20.11
743,H,H,0,24.18
744,H,H,0,24.72
745,H,H,0,21.16
746,H,H,0,30.29
747,H,H,0,24.12
748,H,H,0,29.95
749,H,H,0,42.89
750,H,H,0,22.98
751,T,C,1,20.93
752,T,C,1,32.72
753,T,C,1,30.0
754,P,C,1,33.5
755,P,C,1,36.39
756,P,C,1,31.47
757,S,C,1,41.7
758,E,E,0,37.74
759,E,E,0,20.85
760,E,E,0,31.26
761,E,E,0,29.15
762,E,E,0,28.5
763,E,E,0,24.46
764,-,C,1,30.35
765,-,C,1,41.93
776,-,C,1,77.83
777,H,H,0,75.29
778,H,H,0,83.97
779,H,H,0,65.94
780,H,H,0,45.56
781,H,H,0,67.41
782,H,H,0,65.46
783,H,H,0,56.9
784,H,H,0,57.08
785,H,H,0,59.92
786,H,H,0,65.35
787,H,H,0,65.17
788,H,H,0,60.9
789,H,H,0,66.85
790,H,H,0,52.58
791,H,H,0,60.44
792,T,C,1,63.08
793,-,C,1,66.63
794,-,C,1,71.82
795,H,H,0,65.78
796,H,H,0,67.76
797,H,H,0,72.11
798,H,H,0,55.99
799,S,C,1,59.56
800,-,C,1,77.32
801,-,C,1,70.91
802,-,C,1,78.83
803,G,H,0,72.57
804,G,H,0,71.79
805,G,H,0,66.78
806,T,C,1,53.97
807,T,C,1,68.94
808,S,C,1,60.18
809,H,H,0,46.95
810,H,H,0,49.64
811,H,H,0,45.37
812,H,H,0,41.9
813,H,H,0,43.42
814,H,H,0,33.15
815,H,H,0,32.96
816,H,H,0,39.34
817,T,C,1,43.69
818,T,C,1,46.62
819,S,C,1,38.51
820,B,E,0,44.04
821,-,C,1,43.25
822,T,C,1,41.4
823,T,C,1,35.0
824,T,C,1,47.77
825,S,C,1,69.12
826,-,C,1,60.81
827,B,E,0,56.94
828,-,C,1,48.2
829,-,C,1,51.43
830,T,C,1,55.0
831,T,C,1,63.87
832,-,C,1,53.43
833,G,H,0,57.9
834,G,H,0,56.34
835,G,H,0,61.17
836,S,C,1,55.55
837,E,E,0,42.3
838,E,E,0,44.96
839,E,E,0,41.61
840,E,E,0,47.7
841,S,C,1,48.95
842,S,C,1,45.95
843,-,C,1,55.07
844,T,C,1,53.33
845,T,C,1,52.38
846,T,C,1,65.36
847,-,C,1,66.83
848,-,C,1,68.14
849,-,C,1,61.14
850,-,C,1,67.99
851,S,C,1,38.34
852,G,H,0,40.32
853,G,H,0,43.76
854,G,H,0,36.86
855,E,E,0,41.59
856,E,E,0,31.75
857,E,E,0,37.04
858,E,E,0,35.69
859,S,C,1,55.86
860,-,C,1,56.7
861,G,H,0,57.22
862,G,H,0,65.91
863,G,H,0,47.33
864,G,H,0,43.17
865,-,C,1,60.02
866,-,C,1,76.04
867,S,C,1,68.77
868,S,C,1,69.85
869,S,C,1,63.31
870,S,C,1,58.06
871,S,C,1,53.44
872,-,C,1,56.63
873,H,H,0,66.61
874,H,H,0,70.34
875,H,H,0,57.32
876,H,H,0,50.07
877,H,H,0,48.17
878,H,H,0,48.56
879,H,H,0,46.0
880,H,H,0,51.38
881,H,H,0,59.4
882,H,H,0,36.24
883,H,H,0,35.89
884,H,H,0,54.61
885,H,H,0,48.48
886,H,H,0,38.92
887,H,H,0,46.22
888,H,H,0,54.12
889,T,C,1,49.23
890,T,C,1,51.15
891,S,C,1,46.54
892,S,C,1,46.21
893,-,C,1,58.83
894,H,H,0,53.08
895,H,H,0,35.39
896,H,H,0,46.74
897,H,H,0,41.45
898,H,H,0,46.88
899,H,H,0,37.06
900,H,H,0,47.92
901,T,C,1,48.92
902,G,H,0,48.21
903,G,H,0,47.0
904,G,H,0,53.33
905,G,H,0,45.87
906,T,C,1,52.72
907,S,C,1,64.74
908,S,C,1,52.01
909,-,C,1,68.61
910,H,H,0,60.24
911,H,H,0,63.96
912,H,H,0,48.21
913,H,H,0,49.51
914,H,H,0,48.47
915,H,H,0,41.37
916,H,H,0,49.0
917,H,H,0,52.89
918,H,H,0,50.62
919,H,H,0,29.46
920,H,H,0,38.27
921,H,H,0,49.86
922,S,C,1,43.4
923,-,C,1,31.36
924,-,C,1,35.58
925,-,C,1,33.0
926,H,H,0,32.76
927,H,H,0,29.71
928,H,H,0,33.62
929,H,H,0,29.08
930,H,H,0,37.11
931,H,H,0,25.47
932,H,H,0,18.99
933,H,H,0,23.11
934,H,H,0,27.25
935,H,H,0,28.24
936,H,H,0,16.76
937,H,H,0,25.83
938,H,H,0,29.71
939,H,H,0,44.83
940,-,C,1,34.22
941,-,C,1,35.47
942,E,E,0,39.74
943,E,E,0,49.24
944,-,C,1,44.76
945,T,C,1,64.78
946,T,C,1,65.31
947,S,C,1,69.15
948,-,C,1,49.42
949,E,E,0,49.26
950,E,E,0,31.99
951,-,C,1,31.63
952,-,C,1,32.64
953,S,C,1,29.42
954,E,E,0,24.13
955,E,E,0,22.95
956,E,E,0,29.96
957,E,E,0,33.18
958,E,E,0,23.07
959,-,C,1,26.46
960,H,H,0,29.41
961,H,H,0,33.9
962,H,H,0,38.32
963,H,H,0,28.14
964,H,H,0,24.55
965,H,H,0,32.33
966,H,H,0,29.3
967,H,H,0,41.12
968,H,H,0,41.16
969,H,H,0,44.44
970,T,C,1,41.2
971,T,C,1,50.32
972,-,C,1,38.41
973,-,C,1,37.4
974,-,C,1,48.31
975,-,C,1,40.17
976,T,C,1,43.93
977,T,C,1,29.15
978,T,C,1,33.81
979,-,C,1,33.34
980,S,C,1,30.64
981,H,H,0,38.37
982,H,H,0,25.9
983,H,H,0,34.2
984,H,H,0,29.99
985,H,H,0,26.9
986,H,H,0,23.08
987,H,H,0,16.98
988,H,H,0,29.06
989,H,H,0,21.86
990,H,H,0,37.93
991,H,H,0,31.42
992,H,H,0,33.31
993,H,H,0,22.71
994,H,H,0,29.18
995,H,H,0,27.32
996,H,H,0,31.9
997,H,H,0,36.29
998,H,H,0,44.49
999,H,H,0,45.75
1000,H,H,0,45.74
1001,-,C,1,42.84
1002,G,H,0,35.92
1003,G,H,0,52.74
1004,G,H,0,44.98
1005,H,H,0,44.65
1006,H,H,0,47.54
1007,H,H,0,55.56
1008,H,H,0,30.65
1009,B,E,0,16.13
1010,-,C,1,27.65
1011,-,C,1,46.47
1012,-,C,1,76.8
1030,-,C,1,73.91
1031,H,H,0,66.18
1032,H,H,0,63.32
1033,H,H,0,64.09
1034,H,H,0,74.61
1035,H,H,0,68.81
1036,H,H,0,57.9
1037,H,H,0,68.82
1038,H,H,0,51.42
1039,H,H,0,48.26
1040,H,H,0,50.29
1041,T,C,1,64.07
1042,G,H,0,54.56
1043,G,H,0,63.11
1044,G,H,0,52.33
1045,G,H,0,41.63
1046,G,H,0,48.23
1047,-,C,1,51.14
1048,S,C,1,56.36
1049,-,C,1,72.67
1050,-,C,1,74.04
1059,-,C,1,54.82
1060,-,C,1,46.04
1061,-,C,1,46.84
1062,S,C,1,54.19
1063,E,E,0,46.39
1064,E,E,0,56.68
1065,E,E,0,49.46
1066,-,C,1,66.89
1067,T,C,1,64.05
1068,T,C,1,73.89
1069,T,C,1,73.53
1070,-,C,1,68.99
1071,-,C,1,61.31
1072,E,E,0,56.81
1073,E,E,0,44.1
1074,E,E,0,40.55
1075,E,E,0,47.0
1076,T,C,1,35.55
1077,T,C,1,53.61
1078,T,C,1,60.6
1079,H,H,0,42.85
1080,H,H,0,46.2
1081,H,H,0,45.49
1082,H,H,0,42.13
1083,H,H,0,34.77
1084,H,H,0,46.52
1085,H,H,0,34.45
1086,H,H,0,38.11
1087,H,H,0,43.29
1088,T,C,1,39.72
1089,-,C,1,25.43
1090,S,C,1,26.99
1091,-,C,1,19.58
1092,-,C,1,36.17
1093,E,E,0,26.47
1094,E,E,0,25.43
1095,E,E,0,23.71
1096,E,E,0,18.68
1097,-,C,1,20.4
1098,-,C,1,24.0
1099,B,E,0,20.55
1100,-,C,1,17.08
1101,-,C,1,21.06
1102,-,C,1,22.34
1103,S,C,1,20.26
1104,-,C,1,19.19
1105,S,C,1,19.94
1106,B,E,0,15.37
1107,-,C,1,28.56
1108,-,C,1,11.1
1109,-,C,1,14.99
1110,-,C,1,26.88
1111,B,E,0,13.51
1112,P,C,1,18.08
1113,P,C,1,28.21
1114,-,C,1,38.15
1115,S,C,1,50.47
1116,-,C,1,29.49
1117,T,C,1,43.71
1118,T,C,1,35.06
1119,-,C,1,22.53
1120,B,E,0,14.75
1121,-,C,1,17.44
1122,S,C,1,16.58
1123,S,C,1,28.29
1124,T,C,1,30.4
1125,T,C,1,34.56
1126,-,C,1,23.25
1127,-,C,1,21.18
1128,H,H,0,26.31
1129,H,H,0,43.94
1130,H,H,0,37.18
1131,H,H,0,23.97
1132,-,C,1,24.62
1133,B,E,0,23.98
1134,B,E,0,23.84
1135,-,C,1,30.95
1136,-,C,1,13.74
1137,B,E,0,5.21
1138,P,C,1,14.16
1139,E,E,0,17.42
1140,E,E,0,13.05
1141,E,E,0,20.95
1142,E,E,0,18.79
1143,E,E,0,25.22
1144,E,E,0,29.68
1145,E,E,0,31.69
1146,E,E,0,28.37
1147,E,E,0,26.77
1148,E,E,0,46.26
1149,E,E,0,49.6
1150,E,E,0,29.97
1151,E,E,0,49.39
1152,T,C,1,44.65
1153,T,C,1,53.84
1154,T,C,1,40.47
1155,T,C,1,50.8
1156,E,E,0,45.06
1157,E,E,0,36.05
1158,E,E,0,36.07
1159,E,E,0,37.46
1160,E,E,0,29.9
1161,E,E,0,26.61
1162,E,E,0,38.34
1163,E,E,0,29.98
1164,E,E,0,27.6
1165,E,E,0,9.87
1166,E,E,0,19.42
1167,E,E,0,14.22
1168,T,C,1,12.56
1169,T,C,1,17.14
1170,T,C,1,12.71
1171,H,H,0,29.34
1172,H,H,0,29.09
1173,H,H,0,19.23
1174,H,H,0,34.44
1175,H,H,0,37.1
1176,H,H,0,35.86
1177,-,C,1,34.26
1178,H,H,0,36.14
1179,H,H,0,37.44
1180,H,H,0,44.02
1181,H,H,0,28.63
1182,H,H,0,37.68
1183,H,H,0,36.36
1184,H,H,0,26.43
1185,T,C,1,34.82
1186,T,C,1,26.26
1187,-,C,1,42.08
1188,B,E,0,46.8
1189,S,C,1,40.28
1190,-,C,1,41.46
1191,-,C,1,39.05
1192,G,H,0,33.32
1193,G,H,0,51.1
1194,G,H,0,42.52
1195,-,C,1,35.15
1196,E,E,0,21.21
1197,E,E,0,24.98
1198,E,E,0,28.15
1199,-,C,1,24.66
1200,B,E,0,19.36
1201,T,C,1,21.8
1202,-,C,1,23.62
1203,E,E,0,25.2
1204,E,E,0,24.13
1205,E,E,0,30.52
1206,-,C,1,33.07
1207,T,C,1,46.76
1208,T,C,1,50.83
1209,S,C,1,35.68
1210,-,C,1,37.75
1211,E,E,0,15.26
1212,E,E,0,18.77
1213,E,E,0,20.69
1214,E,E,0,25.96
1215,-,C,1,28.13
1216,S,C,1,40.26
1217,S,C,1,25.17
1218,S,C,1,20.9
1219,-,C,1,24.68
1220,E,E,0,23.62
1221,E,E,0,21.53
1222,E,E,0,19.06
1223,-,C,1,23.27
1224,-,C,1,35.62
1225,-,C,1,29.64
1226,-,C,1,33.49
1227,-,C,1,31.69
1228,-,C,1,41.67
1229,-,C,1,49.55
1230,H,H,0,46.6
1231,H,H,0,46.4
1232,H,H,0,44.29
1233,H,H,0,41.33
1234,H,H,0,41.25
1235,H,H,0,50.48
1236,H,H,0,55.98
1237,H,H,0,53.87
1238,H,H,0,46.16
1239,H,H,0,48.96
1240,H,H,0,62.82
1241,-,C,1,78.2
1253,-,C,1,76.4
1254,H,H,0,75.91
1255,H,H,0,81.83
1256,H,H,0,76.75
1257,H,H,0,80.61
1258,H,H,0,68.62
1259,H,H,0,57.15
1260,H,H,0,76.23
1261,H,H,0,69.04
1262,T,C,1,61.34
1263,T,C,1,69.23
1264,H,H,0,66.85
1265,H,H,0,67.99
1266,H,H,0,62.63
1267,H,H,0,65.15
1268,H,H,0,64.78
1269,H,H,0,52.9
1270,H,H,0,45.03
1271,H,H,0,62.04
1272,H,H,0,54.54
1273,H,H,0,37.99
1274,H,H,0,50.41
1275,H,H,0,61.31
1276,H,H,0,42.6
1277,I,H,0,44.72
1278,I,H,0,41.37
1279,I,H,0,31.36
1280,I,H,0,34.67
1281,I,H,0,35.67
1282,-,C,1,37.53
1283,-,C,1,44.27
1284,H,H,0,61.22
1285,H,H,0,42.86
1286,H,H,0,41.05
1287,H,H,0,46.83
1288,H,H,0,60.91
1289,H,H,0,52.58
1290,H,H,0,54.2
1291,H,H,0,51.61
1292,H,H,0,56.84
1293,H,H,0,63.25
1294,H,H,0,65.46
1295,H,H,0,76.67
1296,H,H,0,66.04
1297,T,C,1,74.74
1298,S,C,1,85.95
1299,S,C,1,95.9
1300,S,C,1,81.6
1301,-,C,1,79.08
1302,H,H,0,67.78
1303,H,H,0,58.16
1304,H,H,0,64.79
1305,H,H,0,55.34
1306,H,H,0,55.94
1307,H,H,0,51.01
1308,H,H,0,52.39
1309,H,H,0,48.29
1310,H,H,0,38.57
1311,H,H,0,46.73
1312,G,H,0,48.38
1313,G,H,0,44.05
1314,G,H,0,42.18
1315,G,H,0,41.81
1316,T,C,1,38.61
1317,-,C,1,27.76
1318,S,C,1,20.62
1319,B,E,0,27.04
1320,S,C,1,27.86
1321,-,C,1,20.34
1322,-,C,1,22.52
1323,-,C,1,35.46
1324,E,E,0,46.74
1325,E,E,0,52.88
1326,S,C,1,56.62
1327,S,C,1,65.6
1328,S,C,1,65.65
1329,-,C,1,57.35
1330,E,E,0,51.8
1331,E,E,0,54.55
1332,-,C,1,45.02
1333,-,C,1,44.51
1334,-,C,1,25.54
1335,-,C,1,34.09
1336,B,E,0,29.29
1337,-,C,1,33.58
1338,-,C,1,35.88
1339,-,C,1,38.32
1340,T,C,1,36.79
1341,G,H,0,33.02
1342,G,H,0,29.18
1343,G,H,0,26.06
1344,G,H,0,35.54
1345,S,C,1,24.8
1346,E,E,0,30.05
1347,E,E,0,30.3
1348,E,E,0,32.2
1349,E,E,0,18.69
1350,E,E,0,32.53
1351,-,C,1,28.07
1352,S,C,1,29.56
1353,S,C,1,32.56
1354,S,C,1,30.06
1355,-,C,1,30.88
1356,S,C,1,30.57
1357,E,E,0,22.33
1358,E,E,0,36.47
1359,E,E,0,29.19
1360,E,E,0,19.82
1361,E,E,0,41.04
1362,-,C,1,43.01
1363,-,C,1,53.34
1364,-,C,1,60.33
