site,esm2_entropy,msa_conservation,indel_frequency
1,0.00389458052814,0.467394322173572,0.15211970074812967
2,1.4820057153701782,0.31000865629521557,0.11221945137157108
3,0.3253304362297058,0.3406470468810012,0.7581047381546134
4,0.2631368935108185,0.21121884037308103,0.7680798004987531
5,0.2474112212657928,0.37813943370723724,0.07481296758104738
6,1.4443411827087402,0.3597693169929177,0.04488778054862843
7,0.5920873880386353,0.7046930337650632,0.03740648379052369
8,0.0106575898826122,0.8933865184997047,0.03740648379052369
9,0.0466137453913688,0.8079343454512125,0.03740648379052369
10,0.0018642919603735,0.9891726888190913,0.03740648379052369
11,0.1391466557979583,0.6365821872900514,0.03740648379052369
12,0.0058255214244127,0.9891726888190913,0.03740648379052369
13,0.1908126473426818,0.5906434514144221,0.03740648379052369
14,0.636634111404419,0.4943869416087283,0.03740648379052369
15,0.0157157965004444,0.975956684197351,0.03740648379052369
16,0.4121847748756408,0.6132306070142846,0.03740648379052369
17,0.0026810932904481,0.9939857958841803,0.03740648379052369
18,0.0658741146326065,0.7408856466618152,0.03740648379052369
19,0.0528458692133426,0.6727731690469465,0.03740648379052369
20,0.1645141243934631,0.4392601327330945,0.03740648379052369
21,0.238463893532753,0.4547598129026843,0.05236907730673317
22,0.8454046845436096,0.28666764541431444,0.06234413965087282
23,0.4976419508457184,0.24645465483628215,0.341645885286783
24,0.7174409627914429,0.3675557728104639,0.0773067331670823
25,2.3607335090637207,0.504352409079193,0.6882793017456359
26,1.2282731533050537,0.2410388239404726,0.05236907730673317
27,1.8598849773406985,0.6241073781112254,0.034912718204488775
28,2.1269328594207764,0.349082581030551,0.032418952618453865
29,1.7186387777328491,0.27813458508003286,0.034912718204488775
30,1.2670822143554688,0.30882651351967183,0.7531172069825436
31,1.5481131076812744,0.5270893797424745,0.7556109725685786
32,2.16950798034668,0.4439074286165896,0.7531172069825436
33,1.1930692195892334,0.6116689273598932,0.7531172069825436
34,1.6809684038162231,0.7487120126783732,0.9326683291770573
35,1.1500877141952517,0.2277340792297824,0.9326683291770573
36,1.795457124710083,0.9471212526131849,0.9326683291770573
37,1.83063006401062,0.6984498037643303,0.9326683291770573
38,1.7359648942947388,0.6322247389436947,0.9326683291770573
39,1.6398696899414062,0.4087182502095942,0.9326683291770573
40,2.1103551387786865,0.7239659405677464,0.9351620947630923
41,2.5406241416931152,0.3682293379235856,0.9351620947630923
42,1.769441843032837,0.3954040569210011,0.9376558603491272
43,1.5708587169647217,0.5954748385486179,0.9351620947630923
44,1.550326585769653,0.8599488024934576,0.9326683291770573
45,1.488499641418457,0.8975779123689971,0.9301745635910225
46,1.5221701860427856,0.3220712862591083,0.7481296758104738
47,1.8499009609222408,0.3723653652508081,0.7456359102244389
48,2.3344380855560303,0.23601589130182887,0.029925187032418952
49,1.446174383163452,0.9025919962226494,0.029925187032418952
50,1.8699709177017207,0.6003274796147392,0.02743142144638404
51,1.9010313749313357,0.7547816894908738,0.02743142144638404
52,2.205230712890625,0.5357022463431236,0.02743142144638404
53,1.7687641382217407,0.6439538145411043,0.02493765586034913
54,1.410339117050171,0.40437510462537185,0.14463840399002495
55,1.2182624340057373,0.2981989757365844,0.15211970074812967
56,1.1506967544555664,0.4403182838939358,0.29177057356608477
57,0.8597560524940491,0.15626524150983723,0.032418952618453865
58,1.5773582458496094,0.510116495703643,0.029925187032418952
59,1.001556396484375,0.5969579942744148,0.032418952618453865
60,1.336807131767273,0.44632161186444774,0.02743142144638404
61,1.1077589988708496,0.2979491170493349,0.02743142144638404
62,1.2968602180480957,0.8996369885854202,0.02493765586034913
63,0.0998031049966812,0.7575084110614724,0.02493765586034913
64,1.7705708742141724,0.17470997046551062,0.022443890274314215
65,0.813031792640686,0.2966553537067006,0.022443890274314215
66,0.0720934942364692,0.9573008869147316,0.022443890274314215
67,1.4419918060302734,0.4283477267731717,0.022443890274314215
68,0.95269775390625,0.28691310203023435,0.0199501246882793
69,0.1411359906196594,0.9479395019782498,0.0199501246882793
70,0.0938864648342132,0.8797874683304732,0.0199501246882793
71,1.3398185968399048,0.4541435597557777,0.0199501246882793
72,1.4168758392333984,0.32663721073503216,0.0199501246882793
73,2.077971935272217,0.24208718331602974,0.0199501246882793
74,0.1797725111246109,0.9511833744856633,0.0199501246882793
75,0.1354960054159164,0.39245629803813664,0.0199501246882793
76,0.5431696772575378,0.37619435301526305,0.0199501246882793
77,1.4192065000534058,0.23426205897862173,0.0199501246882793
78,0.0127748567610979,0.9595172157802888,0.0199501246882793
79,0.6700149774551392,0.4620494715203146,0.0199501246882793
80,2.652888059616089,0.1820979281066386,0.0199501246882793
81,2.011015653610229,0.2380912748517564,0.0199501246882793
82,0.0793021470308303,0.6083024239271506,0.014962593516209476
83,2.1690590381622314,0.21735334340038115,0.012468827930174564
84,1.3699722290039062,0.28468889241570283,0.012468827930174564
85,0.3957642316818237,0.3449400576248446,0.012468827930174564
86,0.6485887169837952,0.6697685316457611,0.012468827930174564
87,1.7681214809417725,0.16340341852525708,0.012468827930174564
88,1.564211368560791,0.3957399216684149,0.7531172069825436
89,1.2117531299591064,0.4243772039801199,0.7531172069825436
90,2.114182949066162,0.5760977395878848,0.7531172069825436
91,1.5982658863067627,0.21517397912500003,0.7531172069825436
92,0.5496613383293152,0.4280269484016682,0.7680798004987531
93,1.30150043964386,0.5121974373552504,0.7680798004987531
94,0.6199368238449097,0.2514001015947085,0.02493765586034913
95,1.533944845199585,0.15196431615833306,0.02493765586034913
96,1.1119582653045654,0.3503508139130601,0.02493765586034913
97,1.3193148374557495,0.46323391354673005,0.02493765586034913
98,1.2046375274658203,0.588893009058857,0.6733167082294265
99,2.1917073726654053,0.14061723841841667,0.685785536159601
100,1.5590671300888062,0.6474932979920132,0.6932668329177057
101,0.3863921761512756,0.4350491431617304,0.02743142144638404
102,1.9564509391784668,0.2741199819866832,0.02743142144638404
103,1.0557572841644287,0.41795722664636425,0.7506234413965087
104,1.6858054399490356,0.765914235034755,0.7531172069825436
105,1.6490745544433594,0.3060285754577481,0.7531172069825436
106,1.0208783149719238,0.45734373098418857,0.7531172069825436
107,2.093713521957397,0.25558805843298527,0.7531172069825436
108,1.3367345333099363,0.24164384775143344,0.7356608478802993
109,1.4443100690841677,0.187563725823379,0.06982543640897755
110,1.7710692882537842,0.3342073054967729,0.05236907730673317
111,0.8597650527954102,0.18236957282658284,0.10224438902743142
112,0.8497669696807861,0.12972783685773093,0.38902743142144636
113,2.539499282836914,0.10475492275875065,0.32917705735660846
114,1.598186492919922,0.20562436354953229,0.32418952618453867
115,1.683773636817932,0.2397095795085138,0.3266832917705736
116,1.925124168395996,0.2539235610216811,0.5112219451371571
117,1.890828847885132,0.3105000138454045,0.5286783042394015
118,1.5284008979797363,0.5774348039481481,0.6184538653366584
119,1.1898971796035769,0.8735464840028259,0.6084788029925187
120,2.102993965148926,0.16752833508488618,0.6084788029925187
121,1.5198049545288086,0.3816651525204463,0.6034912718204489
122,1.675594449043274,0.15814513418897047,0.4937655860349127
123,1.8305968046188357,0.16695499944286096,0.5411471321695761
124,1.0127685070037842,0.3229654687666357,0.34663341645885287
125,1.3358429670333862,0.26696877694383847,0.371571072319202
126,2.0816540718078613,0.24836351815932523,0.3915211970074813
127,1.592546463012695,0.21640803272918496,0.4937655860349127
128,1.5956933498382568,0.43355011485270134,0.5910224438902744
129,2.3168039321899414,0.5039422149451982,0.5910224438902744
130,0.8950566053390503,0.2686303069234439,0.5536159600997507
131,0.4075263440608978,0.1887719673348388,0.47381546134663344
132,0.3173864185810089,0.2936490987705255,0.341645885286783
133,0.0668826699256897,0.2074598735066141,0.1546134663341646
134,0.1970050930976867,0.41986794889040846,0.02493765586034913
135,0.2289164960384369,0.5047103362362857,0.022443890274314215
136,0.145599752664566,0.6652432992835255,0.017456359102244388
137,1.8104681968688965,0.2679357095315702,0.014962593516209476
138,0.0599399507045745,0.7229491356543409,0.012468827930174564
139,0.011208951473236,0.933768773932503,0.014962593516209476
140,0.1574439108371734,0.2519052865443445,0.014962593516209476
141,0.9444559812545776,0.3552863258694522,0.012468827930174564
142,0.2002968788146972,0.5622013392827566,0.017456359102244388
143,1.0960140228271484,0.49627116079774625,0.017456359102244388
144,0.8103430867195129,0.32665100779333756,0.7630922693266833
145,1.147384524345398,0.2933693765606161,0.7506234413965087
146,1.800537109375,0.2527563680342447,0.032418952618453865
147,0.918671488761902,0.42533413608547377,0.017456359102244388
148,0.5434534549713135,0.3951994862452708,0.0199501246882793
149,1.7379167079925537,0.2889780869866947,0.743142144638404
150,0.1382403969764709,0.336432609009389,0.032418952618453865
151,1.3030672073364258,0.3038756824329165,0.032418952618453865
152,0.8964672088623047,0.27149014164652097,0.017456359102244388
153,1.586435317993164,0.5422958201738192,0.017456359102244388
154,0.5061035752296448,0.5307106914619765,0.017456359102244388
155,0.502466082572937,0.46372601861640794,0.017456359102244388
156,0.4937208890914917,0.4262630414682228,0.014962593516209476
157,0.0505054406821727,0.5556469499923254,0.012468827930174564
158,0.5814855694770813,0.6318985417275245,0.00997506234413965
159,2.095866680145264,0.357513030028081,0.00997506234413965
160,0.1041637882590293,0.5590057745038866,0.00997506234413965
161,0.7630373239517212,0.5518507787670625,0.00997506234413965
162,0.6899570226669312,0.3720302675232975,0.007481296758104738
163,0.0662210807204246,0.6722272055072867,0.007481296758104738
164,1.8387610912323,0.4569806821219752,0.007481296758104738
165,0.0068715317174792,1.0,0.007481296758104738
166,0.0214471668004989,1.0,0.007481296758104738
167,1.1511054039001465,0.448696785873805,0.007481296758104738
168,0.1523148864507675,0.37810758110398845,0.03740648379052369
169,0.3001888692378998,0.45321643779672105,0.00997506234413965
170,2.3025476932525635,0.30511212651745767,0.713216957605985
171,0.6904889345169067,0.5147609821022985,0.10473815461346633
172,1.1414518356323242,0.35169742083511635,0.034912718204488775
173,0.9110409617424012,0.3469040107023703,0.24688279301745636
174,1.6310577392578125,0.18442091841467345,0.4014962593516209
175,1.015514254570007,0.26338017116237145,0.4164588528678304
176,1.4914672374725342,0.19856927035576022,0.7406483790523691
177,0.9405441880226136,0.31882461829895736,0.34663341645885287
178,1.2713370323181152,0.3026284970197298,0.3640897755610973
179,1.4364776611328125,0.13594929968728364,0.6309226932668329
180,1.0274555683135986,0.27023778239266205,0.713216957605985
181,1.8380438089370728,0.351839044928984,0.8877805486284289
182,1.425648808479309,0.2004864813289048,0.8403990024937655
183,0.8850162625312805,0.22623725284011043,0.8503740648379052
184,1.40894877910614,0.23753579326693386,0.8354114713216958
185,1.8439397811889648,0.5874757054917643,0.7630922693266833
186,2.429993152618408,0.24098627277674267,0.7630922693266833
187,1.4225330352783203,0.30054026951043056,0.655860349127182
188,1.0170725584030151,0.3810844211208566,0.6234413965087282
189,1.7993255853652954,0.31205133479695113,0.6109725685785536
190,1.453920841217041,0.19481919481434018,0.5236907730673317
191,1.918215036392212,0.22004728687039132,0.4713216957605985
192,1.2124965190887451,0.46301885622199823,0.4613466334164589
193,1.1687320470809937,0.22366263471045655,0.46384039900249374
194,1.0616439580917358,0.2680852291959973,0.46384039900249374
195,0.7706776857376099,0.4477428519738341,0.5261845386533666
196,1.507070541381836,0.12050021277884049,0.8354114713216958
197,0.916751742362976,0.1122190527437672,0.8329177057356608
198,0.9254130125045776,0.29257059588795786,0.8379052369077307
199,0.9597191214561462,0.11943135566208463,0.7805486284289277
200,1.879563331604004,0.08972328625737525,0.7805486284289277
201,1.7523860931396484,0.35553478125930316,0.773067331670823
202,1.7997891902923584,0.23374960411017942,0.7605985037406484
203,1.6344568729400637,0.18957682943623166,0.7605985037406484
204,1.6036726236343384,0.22956365537622037,0.7581047381546134
205,1.9853894710540767,0.1724383656435815,0.8628428927680798
206,1.7969019412994385,0.20715570211950662,0.9351620947630923
207,1.10191547870636,0.25173936611351433,0.5286783042394015
208,1.2673742771148682,0.5468454491497217,0.5311720698254364
209,0.8403781056404114,0.25131306301602474,0.5187032418952618
210,1.1706063747406006,0.2704769116834468,0.516209476309227
211,1.4889857769012451,0.3373872429119471,0.5261845386533666
212,0.8426618576049805,0.5022035463748599,0.513715710723192
213,1.4927417039871216,0.14221084489762947,0.5236907730673317
214,1.456633448600769,0.33914526299718817,0.5386533665835411
215,2.159199953079224,0.27822007537074345,0.5411471321695761
216,0.8313270807266235,0.15536345700963072,0.516209476309227
217,1.473376750946045,0.36379491244761786,0.516209476309227
218,1.4500482082366943,0.3172255967480564,0.516209476309227
219,1.831148862838745,0.3010434722678531,0.5361596009975063
220,2.1807310581207275,0.392038841259163,0.5187032418952618
221,2.1002776622772217,0.5966363001198313,0.513715710723192
222,0.4788451194763183,0.2586265825277295,0.5411471321695761
223,1.1337978839874268,0.39331791154108653,0.5386533665835411
224,1.380022406578064,0.2894735923720292,0.5411471321695761
225,0.5171687006950378,0.37580052670739816,0.6608478802992519
226,0.6188324689865112,0.2082523040208072,0.6807980049875312
227,1.2016932964324951,0.2772461340566743,0.683291770573566
228,1.337416172027588,0.2927938448395425,0.6907730673316709
229,0.4828077554702759,0.4413271075837911,0.6783042394014963
230,2.045029163360596,0.1983857566879189,0.6783042394014963
231,2.164238929748535,0.18267540292741746,0.5311720698254364
232,1.119788408279419,0.3889237484234035,0.4089775561097257
233,1.3275816440582275,0.16372636464936607,0.5835411471321695
234,1.1271443367004397,0.22882767582549823,0.2967581047381546
235,1.8006752729415894,0.31075310290597324,0.2518703241895262
236,2.0802037715911865,0.28071167227337246,0.6359102244389028
237,0.964186191558838,0.2604241355151451,0.6334164588528678
238,1.39467453956604,0.1751131733529918,0.6533665835411472
239,1.600376844406128,0.27046700090325737,0.6533665835411472
240,1.5810401439666748,0.2384970086349838,0.6533665835411472
241,0.6659443974494934,0.4383444026791177,0.655860349127182
242,0.9842833280563354,0.22951442872820016,0.6583541147132169
243,1.022236704826355,0.3473883810294406,0.655860349127182
244,1.4455264806747437,0.30319413213394986,0.655860349127182
245,1.439610719680786,0.4706405947323027,0.743142144638404
246,0.6958044171333313,0.42372015457014345,0.7456359102244389
247,1.4347829818725586,0.9632476897567419,0.7456359102244389
248,1.0427405834197998,0.4390540464228675,0.743142144638404
249,1.6464662551879885,0.4375537553899973,0.743142144638404
250,1.9944640398025515,0.3041416801582678,0.743142144638404
251,1.6544580459594729,0.39613503977878683,0.7356608478802993
252,1.7996668815612793,0.5304951720208015,0.48877805486284287
253,1.1168768405914309,0.20808821235388453,0.713216957605985
254,1.660200595855713,0.32826626274059656,0.7331670822942643
255,2.2637693881988525,0.35885526189244965,0.49625935162094764
256,1.6764219999313354,0.46970560231503533,0.4937655860349127
257,1.5714070796966553,0.2435351237202641,0.5211970074812967
258,0.8074172735214233,0.37867389945327745,0.6508728179551122
259,1.8274859189987185,0.22603459698305317,0.5835411471321695
260,1.162674069404602,0.4876991677919734,0.5087281795511222
261,2.2047793865203857,0.25046945406225474,0.543640897755611
262,1.6093788146972656,0.22394710445495047,0.6234413965087282
263,1.221035718917847,0.4212089342324661,0.48129675810473815
264,1.531110763549805,0.35995860169824834,0.47880299251870323
265,2.175244808197021,0.33211263286009385,0.4837905236907731
266,0.6560074090957642,0.5336038292682097,0.4837905236907731
267,1.7685562372207642,0.3730876141229841,0.486284289276808
268,1.1842213869094849,0.29619646905529406,0.4912718204488778
269,1.6419259309768677,0.29026102677488574,0.7256857855361596
270,2.052732229232788,0.22653728389094563,0.48877805486284287
271,2.2490832805633545,0.26347466053233703,0.4837905236907731
272,2.086654663085937,0.41360663500181805,0.24189526184538654
273,1.600605607032776,0.32520899844047413,0.08478802992518704
274,1.6931530237197876,0.34570225942625454,0.09725685785536159
275,0.7997369766235352,0.3580896959038298,0.6034912718204489
276,1.6206798553466797,0.2973924111124784,0.628428927680798
277,1.380326747894287,0.21624364060935186,0.7481296758104738
278,0.5201744437217712,0.420010984516215,0.6433915211970075
279,0.8367534875869751,0.30516889252227497,0.6483790523690773
280,1.295179843902588,0.19993372613199178,0.6483790523690773
281,1.360560417175293,0.22894797097017172,0.6433915211970075
282,0.9940704107284546,0.5262079543324976,0.6259351620947631
283,1.9708317518234253,0.23130115613294122,0.6683291770573566
284,1.1400279998779297,0.541468368589926,0.6259351620947631
285,1.6850508451461792,0.39246753173624316,0.743142144638404
286,1.609106183052063,0.27575045869865644,0.7581047381546134
287,1.490984320640564,0.14236911931950014,0.743142144638404
288,0.9581934213638306,0.3373992519114911,0.743142144638404
289,1.128506064414978,0.5138693102072884,0.743142144638404
290,1.7617712020874023,0.5708269023951507,0.743142144638404
291,1.594145894050598,0.2531593394621541,0.743142144638404
292,1.5325963497161863,0.21252178735562055,0.743142144638404
293,1.6870707273483276,0.4553362404410797,0.743142144638404
294,0.816659688949585,0.515902905593824,0.743142144638404
295,1.1206927299499512,0.18015337055686842,0.743142144638404
296,1.3043674230575562,0.44668958601668207,0.743142144638404
297,1.3282335996627808,0.6478567423421455,0.743142144638404
298,1.1555231809616089,0.5337309679563595,0.743142144638404
299,1.5961791276931765,0.3020888728887906,0.743142144638404
300,2.049638032913208,0.40702961441689534,0.743142144638404
301,1.640148639678955,0.32610085757369345,0.743142144638404
302,1.080770492553711,0.9135858767759459,0.743142144638404
303,1.497866153717041,0.33461090943110017,0.743142144638404
304,1.2798298597335815,0.2641257645822024,0.743142144638404
305,1.4653584957122805,0.7195390763665652,0.743142144638404
306,1.1771312952041626,0.6263926547392562,0.743142144638404
307,1.5727087259292605,0.23464546018500998,0.286783042394015
308,1.9578282833099363,0.2256110006260157,0.2169576059850374
309,1.601750135421753,0.3862537528378124,0.1596009975062344
310,2.052978992462158,0.21869320176434348,0.4139650872817955
311,1.1277557611465454,0.16666603007126302,0.9002493765586035
312,1.399317979812622,0.20458160956914784,0.9177057356608479
313,1.9419240951538088,0.6023340157802795,0.9177057356608479
314,0.8044102191925049,0.47410475218907766,0.9276807980049875
315,1.5864673852920532,0.34247776675062624,0.8129675810473815
316,2.56727147102356,0.3674592387791922,0.7456359102244389
317,0.6671030521392822,0.6235045897821745,0.743142144638404
318,1.4425818920135498,0.9170893954434788,0.743142144638404
319,1.2886754274368286,0.3206354919654304,0.743142144638404
320,1.5102636814117432,0.5997784796700474,0.7406483790523691
321,2.3533599376678467,0.24726349797409886,0.014962593516209476
322,1.4707260131835938,0.3049312188104911,0.017456359102244388
323,0.6398699879646301,0.20549896442894844,0.012468827930174564
324,1.8737661838531492,0.20995300335259504,0.04987531172069826
325,1.4943031072616575,0.36977590000044214,0.012468827930174564
326,2.096116304397583,0.25999454777262154,0.014962593516209476
327,0.91044282913208,0.2532267096796438,0.014962593516209476
328,2.339791774749756,0.35294121824791336,0.014962593516209476
329,2.154228687286377,0.21576285002751094,0.012468827930174564
330,1.574596643447876,0.3124328548177473,0.012468827930174564
331,1.508748173713684,0.2479998352929509,0.014962593516209476
332,1.117963194847107,0.6052663684674022,0.02743142144638404
333,1.6476542949676514,0.22533195515046378,0.36658354114713215
334,1.7700098752975464,0.2370452979465686,0.7331670822942643
335,0.6316465735435486,0.6757768680407239,0.7281795511221946
336,1.0359435081481934,0.2988877061399786,0.08478802992518704
337,1.536104679107666,0.1662057344776975,0.18453865336658354
338,1.3798713684082031,0.47673734050705263,0.012468827930174564
339,1.14044189453125,0.4230917484800505,0.012468827930174564
340,2.0913004875183105,0.47928165477106954,0.007481296758104738
341,1.436429500579834,0.38457196227215695,0.012468827930174564
342,1.5827665328979492,0.20116123230578442,0.770573566084788
343,0.6959065198898315,0.14032172633085993,0.7680798004987531
344,1.089248538017273,0.26178621601768404,0.8379052369077307
345,0.4242485761642456,0.2936068747385141,0.8254364089775561
346,0.8290700316429138,0.3443410504297155,0.8254364089775561
347,1.7933218479156494,0.7740286633371742,0.8254364089775561
348,0.8683538436889648,0.2278620897270539,0.8254364089775561
349,0.7624356746673584,0.3756135163182275,0.8254364089775561
350,1.2992210388183594,0.42642225865405303,0.8254364089775561
351,1.2480453252792358,0.9260744253465395,0.8229426433915212
352,1.8043404817581177,0.24745597361419236,0.743142144638404
353,1.2841565608978271,0.32210975088643645,0.7531172069825436
354,1.9184415340423584,0.2713660679176759,0.7556109725685786
355,1.6575660705566406,0.21457780696813444,0.7755610972568578
356,0.7621707916259766,0.3126068184830497,0.8054862842892768
357,1.342026710510254,0.18380730333037143,0.7581047381546134
358,1.667229175567627,0.41303611053000566,0.7581047381546134
359,1.989103078842163,0.5043528058982314,0.012468827930174564
360,1.755149245262146,0.25550908020072305,0.7381546134663342
361,1.748781681060791,0.3169906660903834,0.743142144638404
362,1.8203628063201904,0.8121191578099518,0.7506234413965087
363,1.496931076049805,0.5160680891924868,0.7481296758104738
364,1.997435450553894,0.3209767134575402,0.7605985037406484
365,1.7942367792129517,0.25175585275648615,0.7680798004987531
366,2.1501355171203613,0.3567472841526186,0.8179551122194514
367,1.923112392425537,0.13088754018718263,0.8079800498753117
368,1.3296852111816406,0.2801354265262389,0.770573566084788
369,1.8488545417785645,0.24159554526697158,0.770573566084788
370,1.037421464920044,0.4728469857992502,0.7506234413965087
371,0.8514364361763,0.41151431603033384,0.7406483790523691
372,1.0849177837371826,0.4499707143129057,0.0199501246882793
373,2.117207288742065,0.3601988071265546,0.0199501246882793
374,1.2202188968658447,0.283985475600698,0.07481296758104738
375,2.4342854022979736,0.13206081279739557,0.22443890274314215
376,1.068360686302185,0.35947039765667854,0.1396508728179551
377,0.7406426668167114,0.2882601826511212,0.16957605985037408
378,1.4083572626113892,0.327407073398162,0.2793017456359102
379,1.2972548007965088,0.19801988150099048,0.7381546134663342
380,0.434352695941925,0.5473899336855661,0.6084788029925187
381,0.4168929755687713,0.2755122138638676,0.18453865336658354
382,0.5414437055587769,0.243685735542166,0.571072319201995
383,2.340553998947144,0.1766002969134286,0.5860349127182045
384,1.0999455451965332,0.17821149825363747,0.6309226932668329
385,2.04455041885376,0.21218229893985086,0.6882793017456359
386,2.2569739818573,0.21722226502841369,0.7531172069825436
387,0.653535008430481,0.20679552820604397,0.4713216957605985
388,0.4859656095504761,0.18366586467451362,0.6583541147132169
389,0.4112635254859924,0.48838943997865636,0.7406483790523691
390,0.6885289549827576,0.3901662981439168,0.743142144638404
391,2.0472731590271,0.20200341740954675,0.743142144638404
392,0.951663374900818,0.36180757687391374,0.7107231920199502
393,0.3173222839832306,0.5266928219127034,0.7107231920199502
394,1.025032877922058,0.41895978132618994,0.6982543640897756
395,1.7803449630737305,0.17628545953203767,0.5885286783042394
396,0.9855945706367492,0.3973456266629889,0.40648379052369077
397,0.8264173865318298,0.20936248084982245,0.09725685785536159
398,1.2588649988174438,0.7052454133459989,0.743142144638404
399,1.3196334838867188,0.7659047431457461,0.743142144638404
400,2.1297056674957275,0.48963180098767245,0.743142144638404
401,0.7434058785438538,0.45706099093794805,0.47880299251870323
402,1.56459379196167,0.4190427580469305,0.11221945137157108
403,0.1849609315395355,0.6691069801391242,0.004987531172069825
404,1.044832468032837,0.3592318035335246,0.004987531172069825
405,0.8776091933250427,0.26162830601586495,0.2344139650872818
406,1.5939733982086182,0.11291460295892997,0.4389027431421446
407,0.2543135285377502,0.48695484544311696,0.5810473815461347
408,0.0686852261424064,0.2249245001580098,0.02743142144638404
409,1.7658443450927734,0.3326269685737202,0.0199501246882793
410,0.0881528034806251,0.39544326019652787,0.0024937655860349127
411,0.0229840688407421,0.24637234639872874,0.0024937655860349127
412,0.2565048336982727,0.48774790933379175,0.0024937655860349127
413,0.1474277228116989,0.35564770578426486,0.0024937655860349127
414,0.7215996980667114,0.23597901483809625,0.0024937655860349127
415,0.0978943258523941,0.43792628946258694,0.0024937655860349127
416,0.5973374843597412,0.30868204110943065,0.0024937655860349127
417,2.1484367847442627,0.2381499519720196,0.0024937655860349127
418,0.0098105249926447,0.9941665235192693,0.0024937655860349127
419,0.1545860171318054,0.5218661474065214,0.0024937655860349127
420,2.1220502853393555,0.27489763119603994,0.0024937655860349127
421,1.278781175613403,0.27080818033308407,0.0024937655860349127
422,0.0732263922691345,0.8215498309804415,0.0024937655860349127
423,0.2574593424797058,0.4588016876611323,0.004987531172069825
424,1.9793514013290403,0.29819046341370203,0.004987531172069825
425,1.5830960273742676,0.2684336692018181,0.004987531172069825
426,0.0125588895753026,0.902901862191396,0.004987531172069825
427,0.3386632204055786,0.24795272803398893,0.00997506234413965
428,1.2746902704238892,0.23913509974660274,0.012468827930174564
429,0.7330854535102844,0.38695301790950964,0.014962593516209476
430,0.0333218537271022,0.45065961555452305,0.04987531172069826
431,0.0129471030086278,0.4038913834965058,0.08728179551122195
432,0.0809657946228981,0.25300206906087863,0.06483790523690773
433,0.0560477077960968,0.5398214411345191,0.0773067331670823
434,0.2859489321708679,0.26128056484436446,0.46384039900249374
435,0.5956054329872131,0.29588097161897586,0.06234413965087282
436,0.3582412898540497,0.22976664561070936,0.7655860349127181
437,0.8493838310241699,0.27928292403846455,0.7306733167082294
438,0.2395683676004409,0.3156508903410076,0.18453865336658354
439,1.2950209379196167,0.3445212263507139,0.012468827930174564
440,0.3207235336303711,0.42617642724111926,0.0024937655860349127
441,0.1486486196517944,0.19104342847456068,0.0024937655860349127
442,0.7369863986968994,0.21050933995842813,0.0024937655860349127
443,0.7597306966781616,0.4515214490064121,0.004987531172069825
444,0.3857145309448242,0.327475280311996,0.428927680798005
445,0.2614437341690063,0.3736323061263429,0.7281795511221946
446,0.0620292797684669,0.21107112671058947,0.0
447,0.0604591742157936,0.26903058302218186,0.004987531172069825
448,0.137356236577034,0.5539919544032257,0.0
449,0.0313966423273086,0.44860590044112114,0.0
450,0.138162225484848,0.45625000626450074,0.0
451,0.1328818947076797,0.4463008898183721,0.0
452,0.1339884996414184,0.5979605892512517,0.0
453,0.0106923803687095,0.7254608592272729,0.0
454,0.0374467372894287,0.5753200546942232,0.0
455,0.0831647664308548,0.6274103367245258,0.0
456,1.4253759384155271,0.39129330065508017,0.7830423940149626
457,2.1196579933166504,0.35483420967210855,0.7955112219451371
458,1.1915457248687744,0.3230573676243197,0.7780548628428927
459,1.0822997093200684,0.27201610529193243,0.7605985037406484
460,1.138974666595459,0.4317604410795892,0.770573566084788
461,1.3623299598693848,0.2131549563295756,0.7456359102244389
462,1.3971679210662842,0.6537705203100144,0.7406483790523691
463,1.23632550239563,0.588636156245055,0.7406483790523691
464,0.0427139215171337,0.9818987119775876,0.7406483790523691
465,0.9365213513374328,0.4601893227970908,0.7406483790523691
466,1.5576834678649902,0.38607238063727334,0.7406483790523691
467,0.0601325519382953,0.7387634296496498,0.7406483790523691
468,0.258506715297699,0.4420267212002823,0.012468827930174564
469,1.0628726482391355,0.20982565009176135,0.7032418952618454
470,1.3335175514221191,0.23382221118079072,0.6658354114713217
471,0.8817719221115112,0.39060576178969175,0.6533665835411472
472,1.1275066137313845,0.2541406135255071,0.6384039900249376
473,0.3004086315631866,0.4502259946147824,0.628428927680798
474,0.0973519757390022,0.4489172374124063,0.6084788029925187
475,0.0279465466737747,0.7659985025010199,0.6084788029925187
476,0.0452737212181091,0.7436321977990311,0.628428927680798
477,0.0212610941380262,0.7320962215731348,0.6309226932668329
478,0.3020147085189819,0.4961367724260811,0.6583541147132169
479,0.2635779678821563,0.21392873190420392,0.5586034912718204
480,0.8639490604400635,0.27127628887732314,0.5785536159600998
481,1.833795428276062,0.42655964518265743,0.7331670822942643
482,0.4747291207313537,0.7186546001233127,0.7356608478802993
483,0.1034406051039695,0.818860657222461,0.7331670822942643
484,0.4061937928199768,0.22205648789621946,0.7107231920199502
485,2.214911699295044,0.3151072557231067,0.7007481296758105
486,1.4128930568695068,0.33651285527167707,0.6683291770573566
487,0.1770191937685012,0.6769529451503518,0.6658354114713217
488,0.1985103338956833,0.5209463446251215,0.6658354114713217
489,1.1442198753356934,0.3459137891151697,0.7306733167082294
490,0.8521321415901184,0.26797134779704146,0.5635910224438903
491,0.0203228592872619,0.4352114996225408,0.1546134663341646
492,0.074108250439167,0.44756010023356463,0.1546134663341646
493,1.0932908058166504,0.33143051719294525,0.00997506234413965
494,0.1691555231809616,0.2316394870948908,0.00997506234413965
495,0.2051053047180175,0.4353756094216824,0.004987531172069825
496,0.1540572345256805,0.4446643712180782,0.004987531172069825
497,1.36206316947937,0.49119075711640725,0.004987531172069825
498,2.36740517616272,0.2256605131908186,0.004987531172069825
499,0.7977733612060547,0.8244323140344024,0.004987531172069825
500,1.915668487548828,0.37710072628512026,0.007481296758104738
501,1.3429458141326904,0.585493577782898,0.012468827930174564
502,0.1929481625556945,0.4818424351864482,0.007481296758104738
503,2.02736759185791,0.24295584836311113,0.022443890274314215
504,1.019200563430786,0.19966010435726522,0.017456359102244388
505,0.1559768468141555,0.5295791650398335,0.04987531172069826
506,0.4314189255237579,0.2933818618533931,0.0
507,0.1535245478153228,0.5078440143969667,0.0
508,0.100590169429779,0.4366781842702425,0.0
509,0.0187256149947643,0.640903914034605,0.0
510,0.1983548700809478,0.5731468177402999,0.0
511,1.7344521284103394,0.31211671072624736,0.0
512,0.2041715085506439,0.48472695101351837,0.0
513,0.2762351930141449,0.5131935418969136,0.0
514,0.5158196091651917,0.3727235114205334,0.0
515,0.053468182682991,0.5078466634071264,0.0024937655860349127
516,0.0846321731805801,0.6067255112233285,0.004987531172069825
517,1.5102726221084597,0.34842096231990616,0.004987531172069825
518,0.2145198434591293,0.6530558155323505,0.004987531172069825
519,1.0058939456939695,0.34087202038716335,0.004987531172069825
520,0.6288956999778748,0.4376685577694539,0.0024937655860349127
521,0.8606479167938232,0.5583640176159779,0.0
522,0.2289985716342926,0.4383864790000075,0.0
523,0.0980858206748962,0.2802333127530722,0.0
524,0.0750026628375053,0.6323721156417548,0.0
525,1.353439211845398,0.5740421127085107,0.0
526,0.7930217981338501,0.44434770978970983,0.0
527,0.6910942792892456,0.6170697731813549,0.0
528,0.5562524795532227,0.33624669194092616,0.0
529,1.8872075080871584,0.47525236671929383,0.007481296758104738
530,1.2827880382537842,0.23473969053217347,0.8229426433915212
531,1.588478446006775,0.13361209487514392,0.3640897755610973
532,0.7514228224754333,0.2414613350382362,0.6633416458852868
533,1.2656141519546509,0.37498467316726036,0.743142144638404
534,2.522178888320923,0.18949251322033023,0.314214463840399
535,1.4299508333206177,0.29318575280754533,0.18204488778054864
536,0.5556972622871399,0.20689822044135842,0.32418952618453867
537,1.4136292934417725,0.1952102541939459,0.3740648379052369
538,1.8785808086395264,0.20439117565460196,0.12967581047381546
539,2.112513542175293,0.16732965588965787,0.014962593516209476
540,0.0826453045010566,0.6197317051249163,0.007481296758104738
541,0.4406183660030365,0.31977529347582634,0.012468827930174564
542,2.229480028152466,0.09488287371239013,0.007481296758104738
543,0.2412342131137848,0.34780425967376605,0.004987531172069825
544,0.3530478179454803,0.3249108137915452,0.004987531172069825
545,0.2234445810317993,0.5926863471915924,0.30423940149625933
546,0.5325757265090942,0.2620415512071035,0.16458852867830423
547,0.8767642974853516,0.13200049103316402,0.0024937655860349127
548,0.335597813129425,0.6154153444208226,0.0024937655860349127
549,0.8998844623565674,0.34658953541996484,0.0024937655860349127
550,0.2968297004699707,0.25275877087731535,0.007481296758104738
551,1.0377681255340576,0.14636342265150049,0.004987531172069825
552,0.2016421556472778,0.5337824359980989,0.0024937655860349127
553,1.466989040374756,0.34874975456417756,0.2967581047381546
554,0.6009671688079834,0.3840717963113133,0.6533665835411472
555,1.4631679058074951,0.22466159862379564,0.06234413965087282
556,0.9209767580032348,0.301909221568594,0.004987531172069825
557,0.8576164245605469,0.29263596810479586,0.007481296758104738
558,0.1386054009199142,0.28244926264521575,0.014962593516209476
559,0.259781002998352,0.35086484449943933,0.007481296758104738
560,0.111052967607975,0.3589497996722345,0.004987531172069825
561,1.3635022640228271,0.1724411398060427,0.004987531172069825
562,0.2137107700109481,0.39697764859937157,0.004987531172069825
563,0.6968439817428589,0.17331746537942405,0.0
564,0.3825048804283142,0.5276577918946186,0.0
565,0.2034802436828613,0.25610057228200234,0.0
566,0.8094922304153442,0.4409799692495636,0.017456359102244388
567,1.6072490215301514,0.17851063349092577,0.022443890274314215
568,1.2540183067321775,0.6250949957243696,0.04987531172069826
569,1.3746845722198486,0.26460677239000163,0.04239401496259352
570,0.4581049084663391,0.17669292521628,0.516209476309227
571,0.710227906703949,0.1087971750451574,0.71571072319202
572,1.407715916633606,0.39908089184396023,0.3167082294264339
573,1.2094343900680542,0.2028394453371557,0.20698254364089774
574,2.559717893600464,0.17667767810833157,0.830423940149626
575,1.8776047229766848,0.12382294689004647,0.7930174563591023
576,0.7580397725105286,0.21520238816731052,0.08977556109725686
577,1.4260940551757812,0.21930929965589707,0.022443890274314215
578,1.1391584873199463,0.3107132970875782,0.6458852867830424
579,1.5566846132278442,0.2871957306851055,0.15211970074812967
580,0.4975943267345428,0.3639453118537972,0.08977556109725686
581,0.9144932627677916,0.23508858973173608,0.007481296758104738
582,0.7390714883804321,0.49496041573735083,0.007481296758104738
583,1.3120440244674685,0.4637153379339647,0.7381546134663342
584,0.8294356465339661,0.3346794564041604,0.20199501246882792
585,1.0369478464126587,0.18683793007835325,0.03740648379052369
586,1.1604801416397097,0.381977532749756,0.1546134663341646
587,1.0404270887374878,0.44379613542226115,0.2793017456359102
588,0.3456601500511169,0.21907701539704394,0.32169576059850374
589,1.158056378364563,0.30468870072986065,0.3167082294264339
590,0.2604331970214844,0.19753809945311096,0.3566084788029925
591,0.0727910101413726,0.5091003745913556,0.09476309226932668
592,1.6823111772537231,0.19777728360489055,0.2194513715710723
593,0.4280633926391601,0.2547586045694248,0.2194513715710723
594,0.0665115788578987,0.4055489572540889,0.26184538653366585
595,2.031332492828369,0.1848185472842786,0.2518703241895262
596,1.14851975440979,0.26561031058417994,0.2593516209476309
597,0.3137619197368622,0.34895617115319055,0.2518703241895262
598,1.4781385660171509,0.274490976339521,0.6084788029925187
599,0.8653305768966675,0.30906747052760797,0.19950124688279303
600,1.0317775011062622,0.38911211717764516,0.9177057356608479
601,1.4340534210205078,0.373877967590287,0.9152119700748129
602,0.4838566780090332,0.2263611862946664,0.22942643391521197
603,0.9012930393218994,0.3417209633016537,0.2194513715710723
604,1.207092046737671,0.23205973010394831,0.26433915211970077
605,1.0140628814697266,0.28000346713652535,0.4937655860349127
606,1.2251157760620115,0.38500490881681537,0.486284289276808
607,0.8698804378509521,0.43859575710606,0.13466334164588528
608,1.5953630208969116,0.24770845024301835,0.08728179551122195
609,1.8452837467193604,0.10529896028558805,0.26683291770573564
610,0.8946851491928101,0.2716704586955263,0.628428927680798
611,1.2073336839675903,0.29927702841873527,0.04239401496259352
612,1.9785252809524536,0.13962747655652508,0.0798004987531172
613,0.934432089328766,0.2828592168539267,0.05486284289276808
614,1.5743683576583862,0.2866179714056346,0.770573566084788
615,0.7802102565765381,0.2839261730598037,0.7680798004987531
616,0.5400139689445496,0.41100391404572123,0.7356608478802993
617,0.3364628255367279,0.3048190125704435,0.012468827930174564
618,0.3077386319637298,0.2833801393550953,0.0
619,0.3120523691177368,0.6144319163008563,0.0
620,1.1273276805877686,0.4199653824044718,0.0
621,1.0702762603759766,0.2958959855070594,0.0
622,1.198689103126526,0.27178506649401213,0.0
623,0.8003658056259155,0.38514226196114243,0.7331670822942643
624,0.0285449810326099,0.8027757725086904,0.7331670822942643
625,0.6989529728889465,0.5834019116835623,0.004987531172069825
626,0.1587099432945251,0.35833081205592865,0.00997506234413965
627,0.1399592161178589,0.33361243029640086,0.0
628,0.5919946432113647,0.491452208775511,0.0024937655860349127
629,1.602073073387146,0.18196453777606425,0.004987531172069825
630,0.4938846528530121,0.24805370336843802,0.004987531172069825
631,2.2904152870178223,0.36598197408768596,0.14463840399002495
632,0.3219005167484283,0.16689032194306097,0.1546134663341646
633,0.4592434763908386,0.39467809186474134,0.7082294264339152
634,0.4872345924377441,0.24387588491605194,0.04239401496259352
635,0.3450177609920501,0.2572692119232135,0.03740648379052369
636,0.2873578369617462,0.635979166806218,0.0024937655860349127
637,0.5735129117965698,0.13509828343408303,0.004987531172069825
638,1.7379183769226074,0.22240069151630948,0.12967581047381546
639,0.3517427444458008,0.1672321472150341,0.1371571072319202
640,1.1353435516357422,0.33340096538439756,0.6384039900249376
641,0.6709010601043701,0.2020911083196656,0.7281795511221946
642,0.9653916358947754,0.10773410205511091,0.6932668329177057
643,0.4648202359676361,0.5225520277634299,0.022443890274314215
644,0.5826156139373779,0.27731490679511395,0.0024937655860349127
645,0.6558154821395874,0.2711357293947788,0.0
646,0.9094305634498596,0.30643558721275965,0.004987531172069825
647,1.2779113054275513,0.18514498136957325,0.017456359102244388
648,1.97057580947876,0.3426568837652163,0.007481296758104738
649,0.8838931918144226,0.2600140906860604,0.0
650,1.498604655265808,0.19028248630202793,0.0024937655860349127
651,0.1745285093784332,0.5081774669192385,0.0024937655860349127
652,0.8904192447662354,0.28946363072598325,0.03740648379052369
653,1.910558819770813,0.2027026223526862,0.5910224438902744
654,2.1532044410705566,0.22406003269514418,0.48877805486284287
655,1.08730149269104,0.2069806537925375,0.1396508728179551
656,0.1160053759813308,0.2820363324191033,0.004987531172069825
657,0.8845988512039185,0.25348783073005743,0.0
658,0.0435336008667945,0.517033196017501,0.0
659,0.047989085316658,0.5074021569588651,0.0
660,0.0169140715152025,0.5507937829724623,0.0
661,0.0699391886591911,0.41120569573893573,0.0
662,0.073199413716793,0.6277301644752418,0.0
663,0.0161550138145685,0.8766870209471207,0.0
664,0.5331413149833679,0.20485159178215262,0.0
665,0.1981954127550125,0.5937167168289852,0.0
666,0.1625624001026153,0.5928759004394142,0.0
667,0.283810555934906,0.5289220094702298,0.0
668,1.0524579286575315,0.26147232454510316,0.7531172069825436
669,1.7325235605239868,0.46894835764734266,0.7406483790523691
670,0.4642136991024017,0.5863805372309232,0.7481296758104738
671,1.364241600036621,0.22311097089384135,0.7531172069825436
672,0.5365407466888428,0.45472183055630067,0.8054862842892768
673,0.9318397045135498,0.2986001912765507,0.800498753117207
674,1.513355374336243,0.24549553742633945,0.800498753117207
675,0.6068955659866333,0.2538032901357484,0.8453865336658354
676,0.3556584417819977,0.2727385341904044,0.7481296758104738
677,0.443807303905487,0.28697246152030176,0.8104738154613467
678,0.6281819939613342,0.3050118993641755,0.04738154613466334
679,0.4152983725070953,0.6487310201522046,0.0024937655860349127
680,0.6025073528289795,0.5589765200676058,0.0024937655860349127
681,0.3087465763092041,0.5039783435380604,0.004987531172069825
682,1.1445295810699463,0.24453479061701067,0.004987531172069825
683,0.6123442649841309,0.6894287412068769,0.0024937655860349127
684,1.0497658252716064,0.28505024237135157,0.04738154613466334
685,1.245583415031433,0.13326223820809557,0.43640897755610975
686,0.8698548674583435,0.45054193497692374,0.5411471321695761
687,1.8909752368927,0.2656413784015832,0.5561097256857855
688,1.7057719230651855,0.1641329009092105,0.5610972568578554
689,1.5773450136184692,0.28263389019819707,0.9326683291770573
690,1.04414701461792,0.7169325610152771,0.9201995012468828
691,1.1801351308822632,0.7756088316890359,0.9201995012468828
692,1.0930297374725342,0.5673478407095045,0.5810473815461347
693,0.8833953142166138,0.5081776795710345,0.6783042394014963
694,1.3660593032836914,0.48105497661870955,0.5885286783042394
695,0.9545765519142152,0.4306236757776819,0.30174563591022446
696,0.484029471874237,0.4056819891151697,0.5810473815461347
697,0.5487964153289795,0.5542102716720029,0.5835411471321695
698,2.428138732910156,0.23158599543068337,0.4538653366583541
699,0.4667886793613434,0.48051959813641565,0.20698254364089774
700,1.2193256616592407,0.1927735547451187,0.5187032418952618
701,1.0081160068511963,0.17778261318381994,0.773067331670823
702,0.860042929649353,0.32344411700377185,0.6084788029925187
703,1.4668347835540771,0.15530268977253903,0.10224438902743142
704,1.3327778577804563,0.519163317406545,0.09725685785536159
705,0.9927104711532592,0.31748159799994213,0.0024937655860349127
706,0.6772499084472656,0.323627683990238,0.007481296758104738
707,2.3724496364593506,0.44627569337922335,0.0199501246882793
708,0.7012581825256348,0.330134779181423,0.0199501246882793
709,1.542161464691162,0.1359149813464916,0.022443890274314215
710,0.4687587022781372,0.26695225111892285,0.4912718204488778
711,1.151686191558838,0.2248227251951549,0.3790523690773067
712,1.9327224493026731,0.3557061786837469,0.12468827930174564
713,1.7489556074142456,0.3380808962974441,0.11970074812967581
714,1.370801329612732,0.33809016242520495,0.022443890274314215
715,1.475043535232544,0.16012754949889318,0.13466334164588528
716,1.7103731632232666,0.10882172662468581,0.08728179551122195
717,1.9910920858383176,0.16732688925591477,0.12468827930174564
718,2.246999263763428,0.20783010389293755,0.22194513715710723
719,0.909291684627533,0.1692290874777217,0.12718204488778054
720,0.7538518309593201,0.5693168096500014,0.034912718204488775
721,2.312657594680786,0.2744287365933382,0.029925187032418952
722,0.6506780982017517,0.2929778140451619,0.1396508728179551
723,2.2394046783447266,0.24946236374967268,0.3491271820448878
724,0.9465683102607728,0.5973544600589311,0.5610972568578554
725,1.5547893047332764,0.21291987051146788,0.10473815461346633
726,1.2605890035629272,0.36918058092755235,0.014962593516209476
727,1.213684320449829,0.5399404361472677,0.7231920199501247
728,1.6775020360946655,0.414825380759263,0.0
729,0.8123618960380554,0.28329390510485697,0.0
730,0.3042772710323334,0.7159433822672475,0.0
731,0.0463626831769943,0.8996389273870993,0.0
732,0.1896089911460876,0.3857164391606529,0.0
733,1.4049370288848877,0.6414231215549366,0.004987531172069825
734,0.2082977443933487,0.35454444867169654,0.004987531172069825
735,0.0881275981664657,0.4957013675538757,0.004987531172069825
736,0.4099109768867492,0.38320889109396905,0.0
737,0.1649404168128967,0.564081109663018,0.0
738,1.4266397953033447,0.23782366712720193,0.0
739,0.0391160175204277,0.6876664296736023,0.0
740,0.1237587332725524,0.33952591827564205,0.0
741,1.1095377206802368,0.44721782683116973,0.0
742,0.1574760526418686,0.4463323751191054,0.0
743,0.0981532111763954,0.5910547058152467,0.0
744,0.1885589957237243,0.6312516391593794,0.0
745,1.0438778400421145,0.4876503176256354,0.0
746,0.3278705775737762,0.40129430968132285,0.0
747,0.4445632696151733,0.5978961116477999,0.0
748,0.9278241395950316,0.35197119805000865,0.0
749,0.3158778846263885,0.27770589471270113,0.02493765586034913
750,0.7281600832939148,0.4663569854368673,0.7281795511221946
751,0.2000483274459839,0.40062568667392484,0.7830423940149626
752,0.0305955056101083,0.48535240522737677,0.9002493765586035
753,1.7787598371505735,0.7964324244599115,0.00997506234413965
754,2.445620536804199,0.16159059470063375,0.022443890274314215
755,1.0622692108154297,0.24080380846253602,0.6159600997506235
756,0.0472119636833667,0.610264578718918,0.004987531172069825
757,1.1428701877593994,0.30627374315053646,0.0
758,1.8285918235778809,0.2797491913239223,0.0
759,0.0639442056417465,0.8006685171792809,0.0
760,0.3502221703529358,0.29280190527858574,0.0
761,0.0899431705474853,0.6918864769263782,0.0
762,0.0045024473220109,0.9883600605836518,0.0
763,0.6018819808959961,0.5366967585707128,0.0
764,0.0958725959062576,0.6537701807826802,0.0
765,0.0186403635889291,0.9273805463572702,0.0
766,0.3632769882678985,0.6338303822802025,0.06234413965087282
767,1.3308228254318235,0.3878061722155146,0.10224438902743142
768,1.2937495708465576,0.4498644980926674,0.15211970074812967
769,1.9169504642486568,0.22027746466650655,0.09975062344139651
770,0.8779507279396057,0.3077674419334785,0.004987531172069825
771,1.7327800989151,0.2227481188053877,0.02493765586034913
772,0.5075696110725403,0.24387114334924753,0.032418952618453865
773,1.3098294734954834,0.33303195091218263,0.16708229426433915
774,1.2470718622207642,0.2985726701649073,0.8329177057356608
775,0.5579642057418823,0.31819979276212584,0.7805486284289277
776,1.0954598188400269,0.42826991313988594,0.7456359102244389
777,2.1136703491210938,0.5124831493684587,0.7381546134663342
778,0.7988150119781494,0.22233776471743483,0.7381546134663342
779,0.4376917481422424,0.4287181271483508,0.7381546134663342
780,0.9799879789352416,0.8846311933456652,0.7356608478802993
781,1.9953689575195312,0.5247746072018975,0.007481296758104738
782,0.3508304953575134,0.2881006698085159,0.004987531172069825
783,1.1111525297164917,0.2373973431697476,0.00997506234413965
784,1.26702880859375,0.39068569245786444,0.00997506234413965
785,0.8899522423744202,0.21293951789187204,0.0
786,0.5916125774383545,0.28153099772397616,0.0
787,1.7998242378234863,0.09389046335770102,0.0
788,1.6985081434249878,0.3869793097499512,0.0024937655860349127
789,0.7169299721717834,0.2811525666187443,0.004987531172069825
790,0.6978931427001953,0.3151264169780139,0.0024937655860349127
791,1.320575714111328,0.3096575845875481,0.004987531172069825
792,1.2577306032180786,0.2731141488578748,0.007481296758104738
793,1.6462773084640503,0.265476693171094,0.05236907730673317
794,1.1106760501861572,0.2796271973580814,0.03740648379052369
795,0.8151364922523499,0.3254974387145343,0.03740648379052369
796,0.7382603287696838,0.5726994730217306,0.0199501246882793
797,0.4555407166481018,0.19540445143616614,0.029925187032418952
798,0.4479751884937286,0.35706818088918324,0.057356608478802994
799,1.948615312576294,0.14127057957572964,0.5461346633416458
800,2.0769710540771484,0.2427337969678689,0.2793017456359102
801,1.064199835062027,0.1841213273452863,0.8204488778054863
802,0.9077873229980468,0.19345862855930707,0.6259351620947631
803,1.0134242475032806,0.3478973237263897,0.18453865336658354
804,1.4665673971176147,0.28373694208388966,0.06483790523690773
805,1.5906975269317627,0.19725360449371998,0.057356608478802994
806,0.435669407248497,0.5816248613416761,0.8154613466334164
807,1.303215742111206,0.2586299123062391,0.7556109725685786
808,0.5803497433662415,0.32646405764117836,0.07231920199501247
809,0.7488453686237335,0.3180231971669081,0.04987531172069826
810,0.1257229074835777,0.6022459355458329,0.0199501246882793
811,0.1425850540399551,0.4857769123751877,0.0
812,0.1063366420567035,0.373356969903332,0.0
813,0.0174576891586184,0.9013812168772461,0.0
814,0.0647238418459892,0.6306195445931517,0.0
815,0.6476269364356995,0.2686171740596005,0.0
816,0.4411243498325348,0.44247615587296185,0.0
817,0.0155329257249832,0.6955676823104864,0.00997506234413965
818,0.7154085040092468,0.23426421136119813,0.012468827930174564
819,0.0843000803142786,0.4322461342427818,0.0399002493765586
820,0.3277867883443832,0.33919655396801895,0.007481296758104738
821,0.0361120179295539,0.5969099255942987,0.0024937655860349127
822,0.376053437590599,0.4393063189501799,0.0024937655860349127
823,0.0463882256299257,0.92430522651499,0.0024937655860349127
824,1.377540946006775,0.6426525335239259,0.0024937655860349127
825,0.9788250923156738,0.6494457391829971,0.0024937655860349127
826,1.2456040382385254,0.32436060963450164,0.0
827,1.3244100213050842,0.14985222129793063,0.0024937655860349127
828,0.3919067531824112,0.7929813610941038,0.0024937655860349127
829,0.4243814796209335,0.2710789780871674,0.0024937655860349127
830,0.3298939615488052,0.3739632797222763,0.007481296758104738
831,0.6312075555324554,0.23198538692501525,0.007481296758104738
832,1.4236475825309751,0.2598941502026807,0.004987531172069825
833,0.1688182577490806,0.6946382685689503,0.004987531172069825
834,0.3557916432619095,0.3375266103101714,0.04987531172069826
835,0.7491142153739929,0.25497886723696106,0.4463840399002494
836,0.0567844025790691,0.4562622147611408,0.017456359102244388
837,0.0865995325148105,0.6238683501452049,0.0
838,0.3065318167209625,0.7456840404741457,0.0
839,0.0221425630152225,0.771159733261381,0.0
840,0.0193146918900311,0.9883600605836518,0.0
841,0.0653010122478008,0.7857678030819484,0.0
842,1.4355118870735168,0.5654175691635792,0.0
843,0.0267871636897325,0.994178989741488,0.0
844,0.9935913980007172,0.3891483454913631,0.0024937655860349127
845,0.1272178329527378,0.7364642936327401,0.0
846,0.5637940615415573,0.3505044261841648,0.0
847,0.893287181854248,0.3159930542665885,0.0024937655860349127
848,0.3429170995950699,0.38277691880262255,0.0024937655860349127
849,0.0205661719664931,0.8305329020390174,0.0
850,0.0558540020138025,0.7931259717235319,0.0
851,0.0472224857658147,0.8413784804715947,0.0
852,0.5224188417196274,0.335690796145256,0.004987531172069825
853,0.2475614994764328,0.28288013774684073,0.0
854,0.0054908418096601,0.994178989741488,0.0
855,0.0572022832930088,0.7152487787773931,0.0
856,0.0646824315190315,0.6464905554437026,0.0
857,0.0447244103997945,0.7337636824492053,0.0
858,0.5821756422519684,0.546771865565476,0.0
859,1.1880962252616882,0.14646780511247015,0.0
860,0.518347978591919,0.3257381012336422,0.0
861,0.8489244282245636,0.18479671648057105,0.0
862,2.1318907737731934,0.22836862555573323,0.0
863,0.0023567108437418,0.9767284664594257,0.0
864,0.1326583661139011,0.37693273343540656,0.1371571072319202
865,2.2205463647842407,0.17424115590970146,0.26932668329177056
866,0.0153825674206018,0.9836972237929658,0.0
867,0.3545304983854294,0.36891916300403804,0.0
868,0.180026888847351,0.5289796133838371,0.0
869,1.0745006501674652,0.2662328097287381,0.0024937655860349127
870,0.6451704800128937,0.44386766510219433,0.00997506234413965
871,0.0378056988120079,0.6318386129463616,0.00997506234413965
872,0.3364776074886322,0.2821335326571731,0.7880299251870324
873,1.4170302748680117,0.12815582185396313,0.7256857855361596
874,0.4770176559686661,0.28592335276910363,0.7306733167082294
875,0.6953060328960419,0.3678606121868421,0.09725685785536159
876,0.9907122254371644,0.1599541435824846,0.33915211970074816
877,0.8444278240203857,0.18121902223918074,0.32917705735660846
878,0.3926236033439636,0.21104729896801921,0.13466334164588528
879,0.4637095034122467,0.3792332527935899,0.543640897755611
880,0.8667893707752228,0.1535580179267495,0.3566084788029925
881,1.6605616807937622,0.13548310545188713,0.3541147132169576
882,0.5333608984947205,0.33532697402223666,0.7381546134663342
883,0.010824806522578,0.44717947786761647,0.0024937655860349127
884,1.8435876965522768,0.2187183929563059,0.0024937655860349127
885,1.359872043132782,0.18093034037399292,0.0
886,0.0396106783300638,0.3831230035849831,0.0024937655860349127
887,1.4263548851013184,0.19239054858251903,0.0024937655860349127
888,1.4012677669525146,0.23552815532808136,0.004987531172069825
889,0.9948642253875732,0.15558994373038915,0.004987531172069825
890,0.5442562401294708,0.3158231686998927,0.04738154613466334
891,0.1663749665021896,0.25221795849486683,0.286783042394015
892,0.1048429422080516,0.3777296623239311,0.2793017456359102
893,0.4285442382097244,0.33381039880210295,0.012468827930174564
894,0.4738816767930984,0.25433187037965765,0.004987531172069825
895,0.685000866651535,0.1893156921901067,0.004987531172069825
896,0.0279850997030735,0.946387554632629,0.0024937655860349127
897,0.551087811589241,0.30194641433676195,0.0024937655860349127
898,0.9385427236557008,0.2039134134882865,0.0
899,0.3979205638170242,0.4963839926600486,0.0
900,0.0901699960231781,0.7095150470541278,0.0
901,1.0636725425720217,0.3493194917484058,0.017456359102244388
902,0.3590106815099716,0.1512309035694024,0.0798004987531172
903,1.9041160345077517,0.21900002147229147,0.19201995012468828
904,1.5064645409584043,0.1830766583065484,0.4014962593516209
905,0.7303898632526398,0.12664636653340755,0.4164588528678304
906,1.831323325634003,0.34354535657528784,0.02493765586034913
907,1.8016315698623655,0.1871632264615133,0.40648379052369077
908,0.3950650691986084,0.4510135948657732,0.1970074812967581
909,0.4242331832647323,0.27623855557982047,0.286783042394015
910,0.3052900433540344,0.3190990942202754,0.19950124688279303
911,2.1457433700561523,0.24869853928931984,0.5311720698254364
912,0.4125451892614364,0.32021917234421027,0.5236907730673317
913,0.25948366522789,0.30244364590235917,0.5311720698254364
914,1.364230453968048,0.2735472610998291,0.4837905236907731
915,1.3378188610076904,0.4163556022470476,0.05236907730673317
916,0.0315943732857704,0.8696306164286903,0.0
917,0.0939962938427925,0.5154087339830343,0.004987531172069825
918,0.8985446691513062,0.3205131273990195,0.004987531172069825
919,0.0087272629607468,0.9102956725755781,0.004987531172069825
920,0.1869182754307985,0.5716349798990055,0.0
921,0.0291499271988868,0.8041881857070673,0.0
922,0.1632822677493095,0.47670650905594036,0.0
923,0.1315817572176456,0.6718855607586952,0.0
924,0.0545342210680246,0.7515974686341482,0.0
925,0.1036817263811826,0.5664556022968424,0.0
926,0.0357954557985067,0.6238229294565805,0.0
927,0.1811923459172248,0.5227238320996761,0.0
928,0.6270424723625183,0.4459869887138095,0.0
929,0.1121961772441864,0.6892432308067392,0.0
930,2.216160535812378,0.17662589186163014,0.0
931,0.2306512892246246,0.4360894769757244,0.0
932,0.328119233250618,0.24633327726913978,0.0
933,1.3844040036201477,0.22762850693276948,0.0
934,0.7711570858955383,0.3513586909384352,0.0
935,0.1576012820005417,0.7332675271348685,0.0
936,1.815551519393921,0.20277931589394915,0.0
937,1.3192254304885864,0.17330519352670448,0.0024937655860349127
938,2.12072217464447,0.2284521064150682,0.0024937655860349127
939,1.644243836402893,0.3316179898253664,0.007481296758104738
940,1.9469945430755613,0.2819284616407308,0.3940149625935162
941,2.030564665794373,0.14807172721771256,0.5536159600997507
942,1.1800666451454165,0.22633314837241914,0.5486284289276808
943,1.2380878925323486,0.2774478383899702,0.513715710723192
944,0.3896964639425277,0.19392451345646866,0.773067331670823
945,0.3636113107204437,0.5635357530095702,0.7057356608478803
946,0.4616240561008453,0.19761205704537776,0.6184538653366584
947,1.129482388496399,0.48125146301542765,0.6159600997506235
948,0.767501950263977,0.18154042532410708,0.6384039900249376
949,1.1617536544799805,0.17045830887919478,0.6359102244389028
950,1.5747158527374268,0.23432589148604388,0.8877805486284289
951,1.1709187030792236,0.3297616834626712,0.7281795511221946
952,0.8728146851062775,0.2678533887848561,0.36159600997506236
953,1.8646547198295595,0.3535846168130182,0.3117206982543641
954,0.3698640167713165,0.22513938182655646,0.0199501246882793
955,0.1802143603563308,0.6708778036462926,0.0
956,1.8322066068649288,0.1609754223908515,0.0
957,0.4526525437831878,0.31314831532580933,0.0024937655860349127
958,1.3502753376960754,0.3426640393000011,0.0024937655860349127
959,0.4511978924274444,0.360702182066193,0.0024937655860349127
960,0.2673660516738891,0.7376310248220154,0.0
961,1.0289077162742617,0.25126658917765377,0.0
962,0.6250615864992142,0.3368240920221043,0.0
963,0.4390348941087723,0.72305203407217,0.0
964,0.2076291665434837,0.40479153986377303,0.0
965,1.1237876415252686,0.14178761245056692,0.0
966,0.1449356079101562,0.6202983584226004,0.0
967,0.0200144154950976,0.8578334458698837,0.0
968,0.2221095860004425,0.2349085882245261,0.0
969,2.1185553669929504,0.17330411202476692,0.022443890274314215
970,0.5140101909637451,0.5954676466624478,0.017456359102244388
971,1.7109915614128113,0.3401728102010386,0.3341645885286783
972,1.0157054662704468,0.59136271689246,0.33665835411471323
973,1.0372492969036102,0.27485300797617795,0.4463840399002494
974,0.0337945371866226,0.6661186718951613,0.03740648379052369
975,1.1564642786979675,0.2908732293239571,0.2743142144638404
976,0.0171568342484533,0.9704706799299243,0.10972568578553615
977,0.3551588505506515,0.37708680220032864,0.6608478802992519
978,0.72227942943573,0.24230933470527727,0.0
979,0.1905850619077682,0.5588666267952694,0.0024937655860349127
980,1.0526962876319883,0.5927735576998601,0.0
981,0.5130783319473267,0.38613082906262053,0.0
982,0.024810295086354,0.9674132717707945,0.0
983,0.0322819454595446,0.9767284664594257,0.0
984,0.0915843173861503,0.8907581250173565,0.0
985,1.4283149242401123,0.3317485727296199,0.0
986,0.0119801959954202,0.989514066634324,0.0
987,0.058044359087944,0.9790364785607699,0.0
988,0.38836669921875,0.4035842841598607,0.0
989,0.2360183894634246,0.5166995608467572,0.0
990,0.4592147618532181,0.4506086891582509,0.0
991,0.1012520156800746,0.6752230508803465,0.0
992,0.4438316375017166,0.33652469874118385,0.0024937655860349127
993,0.2250299304723739,0.37009496065362835,0.0024937655860349127
994,0.1135965846478939,0.3202089443196774,0.004987531172069825
995,2.1325690746307373,0.19070824723851976,0.0199501246882793
996,1.1271510124206543,0.1527815527732702,0.0399002493765586
997,0.4110008478164673,0.23518193328261128,0.04488778054862843
998,1.1217908263206482,0.3455671057943974,0.11471321695760599
999,0.306969940662384,0.32159647435294736,0.10972568578553615
1000,0.5373742133378983,0.3309719474204631,0.10972568578553615
1001,0.3111248314380646,0.723240659009327,0.7381546134663342
1002,0.0758047625422477,0.5513144055713328,0.7381546134663342
1003,1.344493746757507,0.3370162405584973,0.7356608478802993
1004,0.1924031525850296,0.466873103896144,0.7456359102244389
1005,2.3453269004821777,0.16211840569464686,0.7456359102244389
1006,1.5012242794036863,0.21174848243887356,0.7456359102244389
1007,1.7803369760513306,0.2747660340382172,0.7456359102244389
1008,0.687802255153656,0.6156161857858735,0.7506234413965087
1009,1.5486241579055786,0.4834858697000506,0.02493765586034913
1010,1.4794269800186155,0.2968465299669656,0.6433915211970075
1011,1.3868958950042725,0.3181159784540901,0.029925187032418952
1012,0.9335031509399414,0.223487765149326,0.029925187032418952
1013,2.011023998260498,0.18934774427834078,0.04987531172069826
1014,1.0233262777328491,0.20255994302003444,0.14713216957605985
1015,1.979884386062622,0.2919188599356707,0.06733167082294264
1016,2.362748146057129,0.1199019506313993,0.08728179551122195
1017,0.8475533723831177,0.16412464688742756,0.7780548628428927
1018,1.6026180982589722,0.13517726113951223,0.3266832917705736
1019,1.6916019916534424,0.30991622980731504,0.44389027431421446
1020,0.6534584760665894,0.08469034700450306,0.6259351620947631
1021,2.47123122215271,0.2593419684858014,0.7506234413965087
1022,1.1033673286437988,0.15946850560922798,0.7905236907730673
1023,1.4558119773864746,0.18234387263399154,0.8229426433915212
1024,0.9699967503547668,0.22220488052311727,0.8778054862842892
1025,1.8505887985229488,0.2355666865405821,0.7955112219451371
1026,1.3456799983978271,0.10204493477267595,0.8204488778054863
1027,1.9622902870178225,0.18762477257589205,0.830423940149626
1028,1.0528440475463867,0.33951195544869905,0.830423940149626
1029,1.4228487014770508,0.13865091148509867,0.8354114713216958
1030,1.8145960569381716,0.26781874325086175,0.8254364089775561
1031,0.7591241002082825,0.2344763481345744,0.8029925187032418
1032,1.7336946725845337,0.2622571031273061,0.8029925187032418
1033,1.7472295761108398,0.23037891433007562,0.7456359102244389
1034,1.770289421081543,0.19270030160820484,0.48877805486284287
1035,0.9723336100578308,0.17466271261815935,0.38403990024937656
1036,2.2096517086029053,0.15180435017914806,0.34413965087281795
1037,2.2646350860595703,0.16367063046725383,0.2892768079800499
1038,1.7929255962371826,0.11755528962655593,0.20947630922693267
1039,1.8407692909240725,0.24118813991376864,0.5112219451371571
1040,1.158247709274292,0.23263045066675125,0.6134663341645885
1041,1.237303376197815,0.41696095923852117,0.7206982543640897
1042,1.5806657075881958,0.3042490047067602,0.7381546134663342
1043,2.60726261138916,0.2327730398254968,0.7755610972568578
1044,1.1098318099975586,0.20790406191641597,0.71571072319202
1045,2.337857723236084,0.24554775858843947,0.7356608478802993
1046,2.0631682872772217,0.45198157467086775,0.7381546134663342
1047,1.2899677753448486,0.16384250321604432,0.885286783042394
1048,1.4735981225967407,0.18408146471104103,0.571072319201995
1049,0.5328790545463562,0.18101089911834845,0.5610972568578554
1050,1.0202542543411257,0.18753524473910843,0.5112219451371571
1051,1.186493992805481,0.11614872253736785,0.4937655860349127
1052,0.6372576951980591,0.15489525019253725,0.47880299251870323
1053,1.3153446912765503,0.32774250308913333,0.27680798004987534
1054,0.2772780060768127,0.3395530207364549,0.286783042394015
1055,0.1195102483034133,0.5750527015288429,0.9775561097256857
1056,0.6156604290008545,0.44020772846536094,0.9775561097256857
1057,0.8709958791732788,0.6398235525240981,0.9825436408977556
1058,1.2816256284713743,0.6827919011247691,0.9875311720698254
1059,0.8284279108047485,0.6809795389429982,0.9825436408977556
1060,1.4860903024673462,0.6148714780402098,0.9825436408977556
1061,2.1616876125335693,0.6148714780402099,0.9825436408977556
1062,1.1292476654052734,0.416547295331845,0.9825436408977556
1063,1.166756272315979,0.6164344500627115,0.9775561097256857
1064,1.389474630355835,0.5650170693605427,0.9775561097256857
1065,1.7152398824691772,0.2589373398174838,0.9600997506234414
1066,0.7302933931350708,0.42165990485473936,0.9526184538653366
1067,2.12868070602417,0.19267938562389475,0.19201995012468828
1068,0.7484961152076721,0.21597194155964305,0.1970074812967581
1069,0.4081484675407409,0.27637760082888174,0.22942643391521197
1070,0.2610443830490112,0.25107771184324046,0.22194513715710723
1071,0.2388948202133178,0.3714306907021325,0.24937655860349128
1072,0.7840005159378052,0.2655178865336245,0.2119700748129676
1073,0.6553550362586975,0.3062812956860611,0.6408977556109726
1074,2.5872459411621094,0.5465207891039428,0.00997506234413965
1075,2.027196884155273,0.20058614432501876,0.09226932668329177
1076,0.6704915165901184,0.17238736844348368,0.09226932668329177
1077,2.120589256286621,0.27464640885095837,0.07481296758104738
1078,2.1541988849639893,0.1486568483492824,0.02743142144638404
1079,1.9680843353271484,0.2922401391923197,0.04738154613466334
1080,1.4708489179611206,0.39435848899097614,0.0199501246882793
1081,1.5708955526351929,0.2451964378044703,0.10723192019950124
1082,1.438828468322754,0.15669215241141998,0.6758104738154613
1083,0.6634072065353394,0.4736975787584359,0.6708229426433915
1084,1.1829290390014648,0.27427527648923566,0.6533665835411472
1085,0.4676709175109863,0.2475859499961619,0.04738154613466334
1086,1.0630897283554075,0.13322955785692814,0.04239401496259352
1087,0.274591863155365,0.38964181421099686,0.06234413965087282
1088,1.100937843322754,0.23769920930340938,0.029925187032418952
1089,2.2692465782165527,0.41958590600565426,0.7556109725685786
1090,2.293114185333252,0.4052285646746988,0.7556109725685786
1091,2.0713658332824707,0.1664282942694224,0.14214463840399003
1092,1.0439784526824951,0.45933447377930203,0.13216957605985039
1093,1.640723705291748,0.3347498371298876,0.12967581047381546
1094,0.6235651969909668,0.5722154061966169,0.012468827930174564
1095,0.7442589998245239,0.6925818686327762,0.004987531172069825
1096,1.0599578619003296,0.4255539259834884,0.0024937655860349127
1097,0.711396336555481,0.422159709441976,0.0024937655860349127
1098,1.2735731601715088,0.2701605002105283,0.0024937655860349127
1099,1.837069034576416,0.20088627349426802,0.0024937655860349127
1100,2.0761055946350098,0.17078010166568725,0.10723192019950124
1101,2.1357908248901367,0.1769394985286673,0.33665835411471323
1102,1.7630343437194824,0.3281574475734237,0.2518703241895262
1103,1.5222480297088623,0.6041338382569238,0.0024937655860349127
1104,2.336395740509033,0.26950868825480834,0.0024937655860349127
1105,0.9700902700424194,0.5323784651675494,0.0024937655860349127
1106,1.8910759687423704,0.5216330796026649,0.0024937655860349127
1107,1.00303053855896,0.4080625565326038,0.0024937655860349127
1108,1.4003528356552124,0.475226084793151,0.0024937655860349127
1109,1.2902414798736572,0.7375547076986958,0.0024937655860349127
1110,0.7670853137969971,0.40796483939309114,0.014962593516209476
1111,1.1092406511306765,0.4250417770977224,0.007481296758104738
1112,2.42303729057312,0.4791172847806239,0.02743142144638404
1113,1.225794553756714,0.22836535619999565,0.32418952618453867
1114,1.88026762008667,0.3220945576755677,0.685785536159601
1115,1.6177009344100952,0.2396567546016145,0.7805486284289277
1116,1.55082905292511,0.29072441799869386,0.7630922693266833
1117,1.5202643871307373,0.28565376173945256,0.7556109725685786
1118,1.1403560638427734,0.46407199202466487,0.11471321695760599
1119,1.081860899925232,0.22526075418630753,0.07481296758104738
1120,0.7263938188552856,0.596808759440087,0.07481296758104738
1121,1.3598781824111938,0.19620134663562527,0.12967581047381546
1122,1.8905186653137207,0.40820356522170576,0.10972568578553615
1123,1.139679789543152,0.46458747897868724,0.08977556109725686
1124,0.8824711441993713,0.3387578963197453,0.17206982543640897
1125,1.5399978160858154,0.24964941051486,0.10473815461346633
1126,2.7237448692321777,0.4623094673843393,0.23690773067331672
1127,1.0534873008728027,0.6727425724537037,0.03740648379052369
1128,1.6838971376419067,0.297296718370344,0.3765586034912718
1129,0.7103441953659058,0.16612157411267203,0.456359102244389
1130,0.7075217962265015,0.33709988675249625,0.4763092269326683
1131,0.2622990012168884,0.5376917920296129,0.4763092269326683
1132,0.1752352714538574,0.8403153574746555,0.7281795511221946
1133,2.4369468688964844,0.7440876758240962,0.7356608478802993
1134,0.6992402672767639,0.6181660319356419,0.7306733167082294
1135,1.393917202949524,0.22137323969886202,0.13216957605985039
1136,1.2057982683181765,0.21254066837597219,0.0399002493765586
1137,1.942977786064148,0.3501232463552567,0.05486284289276808
1138,1.637458086013794,0.334503791547648,0.057356608478802994
1139,1.8806071281433103,0.16051075819120852,0.06982543640897755
1140,1.2286927700042725,0.6015299059770949,0.6932668329177057
1141,2.2103805541992188,0.4838548074063228,0.685785536159601
1142,1.769968032836914,0.200062884591661,0.685785536159601
1143,1.437822699546814,0.14164386297731935,0.456359102244389
1144,1.813409209251404,0.5305543665843446,0.06234413965087282
1145,1.4089909791946411,0.15027044414886948,0.059850374064837904
1146,1.8647745847702024,0.22546983080787952,0.08977556109725686
1147,1.751522183418274,0.2686242272457292,0.0798004987531172
1148,0.8594321012496948,0.22937077404385708,0.23940149625935161
1149,1.971040964126587,0.3034825767639967,0.9027431421446384
1150,0.6109975576400757,0.27431105783700493,0.30423940149625933
1151,0.590789258480072,0.32143489315325746,0.13216957605985039
1152,0.8019700050354004,0.4122332486163238,0.20947630922693267
1153,0.3492342829704284,0.22640716191815524,0.12967581047381546
1154,1.995858907699585,0.16695488439427708,0.7331670822942643
1155,0.9277217388153076,0.30524036083024597,0.8329177057356608
1156,0.7106242775917053,0.2275516551200799,0.8603491271820449
1157,1.1008505821228027,0.35225474146400737,0.9152119700748129
1158,1.519810676574707,0.40337924778488754,0.9576059850374065
1159,1.27695631980896,0.369383178720168,0.9775561097256857
1160,1.0290741920471191,0.24810600413801354,0.7805486284289277
1161,0.8209208846092224,0.2614868501356844,0.7680798004987531
1162,0.4427733421325683,0.200710632724999,0.7506234413965087
1163,0.7021994590759277,0.47574126169632247,0.7456359102244389
1164,1.498335599899292,0.2952477135371341,0.743142144638404
1165,1.4527407884597778,0.2891856844097148,0.7356608478802993
1166,1.7720928192138672,0.5315982535025253,0.7231920199501247
1167,1.6580703258514404,0.3912976095574805,0.71571072319202
1168,1.9058881998062132,0.3400692372908106,0.71571072319202
1169,2.651691436767578,0.18063675407481594,0.6533665835411472
1170,1.0328454971313477,0.13024579990366658,0.6309226932668329
1171,1.9881442785263064,0.11077471866418864,0.06733167082294264
1172,1.561489820480347,0.227373375922319,0.034912718204488775
1173,1.8128244876861568,0.3280839958341307,0.03740648379052369
1174,1.460598707199097,0.44436306750663923,0.0399002493765586
1175,1.2808287143707275,0.2062560470472099,0.029925187032418952
1176,0.8529546856880188,0.1575183752692435,0.13216957605985039
1177,1.6072264909744265,0.3020339369848317,0.2518703241895262
1178,2.327148914337158,0.17277052134160598,0.6109725685785536
1179,1.1842985153198242,0.24204040641642288,0.6633416458852868
1180,1.2958253622055054,0.1299028929092867,0.6683291770573566
1181,0.9886228442192078,0.17471988836547747,0.32169576059850374
1182,0.3951168954372406,0.5172176866959853,0.35910224438902744
1183,1.2285850048065186,0.4885166893363728,0.9152119700748129
1184,1.3298190832138062,0.315154241855207,0.9152119700748129
1185,0.8540027141571045,0.1542755299226738,0.23690773067331672
1186,0.7924927473068237,0.1905418602673642,0.19950124688279303
1187,1.1130313873291016,0.3620137163332313,0.20448877805486285
1188,0.7768755555152893,0.18064206653357318,0.5960099750623441
1189,1.4189879894256592,0.19120221362805456,0.10224438902743142
1190,1.5249959230422974,0.2254613922166694,0.14214463840399003
1191,1.0008257627487185,0.20606093028391737,0.22194513715710723
1192,0.95771986246109,0.3189540979414702,0.34663341645885287
1193,1.1632859706878662,0.1236050273291539,0.4014962593516209
1194,1.8720228672027588,0.3650868859523778,0.7930174563591023
1195,1.6344883441925049,0.3045260713179727,0.7456359102244389
1196,1.6616160869598389,0.266023840500628,0.03740648379052369
1197,1.0696072578430176,0.4104772273640096,0.034912718204488775
1198,1.2505176067352295,0.6221960676817635,0.034912718204488775
1199,1.5257935523986816,0.45312547905460676,0.8054862842892768
1200,1.1367573738098145,0.4874061417092317,0.057356608478802994
1201,1.7548470497131348,0.38377418510813244,0.7381546134663342
1202,1.6113412380218506,0.5469603309940716,0.7406483790523691
1203,1.2020258903503418,0.49110769139926913,0.7356608478802993
1204,1.4605145454406738,0.3735192495826368,0.06234413965087282
1205,0.8544297814369202,0.18213453644398825,0.2593516209476309
1206,1.0395450592041016,0.19651676305421406,0.6234413965087282
1207,0.8857961297035217,0.26055098266375565,0.06483790523690773
1208,0.70747971534729,0.3455824125252658,0.12967581047381546
1209,0.4941570162773132,0.6022435544343206,0.9052369077306733
1210,1.6694223880767822,0.1645426289975288,0.7356608478802993
1211,0.8846010565757751,0.22261643224324623,0.33665835411471323
1212,1.5089974403381348,0.25769238461424837,0.341645885286783
1213,2.2225379943847656,0.14413520075753294,0.0773067331670823
1214,0.8551230430603027,0.5612102311891621,0.08478802992518704
1215,1.7485082149505615,0.1933524392552377,0.24189526184538654
1216,1.5963131189346311,0.2612058525183223,0.30174563591022446
1217,1.8119043111801147,0.2153229817467457,0.4314214463840399
1218,2.276132345199585,0.2143677486587906,0.42144638403990026
1219,1.1886813640594482,0.23461424283448262,0.14962593516209477
1220,0.9455151557922364,0.22039048641426107,0.14962593516209477
1221,2.1275014877319336,0.1660977931270592,0.2967581047381546
1222,0.8711728453636169,0.3929922935661122,0.16957605985037408
1223,1.70282244682312,0.3933372660935288,0.014962593516209476
1224,1.6512640714645386,0.26868422095828814,0.017456359102244388
1225,1.7079386711120603,0.43834291145529036,0.017456359102244388
1226,1.0231528282165527,0.34482044046134797,0.014962593516209476
1227,1.9699146747589111,0.26748402731592724,0.014962593516209476
1228,0.9095339179039,0.34957517558046614,0.014962593516209476
1229,2.0874340534210205,0.3686206404608042,0.02743142144638404
1230,1.4257402420043943,0.15845167439439112,0.7506234413965087
1231,1.2639052867889404,0.2405016318973423,0.7506234413965087
1232,1.70094633102417,0.12640324406973624,0.743142144638404
1233,1.7743229866027832,0.20667380876732422,0.743142144638404
1234,1.4444810152053833,0.23271012158720394,0.743142144638404
1235,1.821992874145508,0.37819369493068733,0.7406483790523691
1236,1.4319636821746826,0.573244161898768,0.012468827930174564
1237,1.6869330406188965,0.43548478634504706,0.014962593516209476
1238,0.9555861353874208,0.19431721279189895,0.10224438902743142
1239,1.6585723161697388,0.17324648658649333,0.5586034912718204
1240,1.6977763175964355,0.11276793487383296,0.7206982543640897
1241,2.481551170349121,0.3138225238169583,0.800498753117207
1242,0.784193217754364,0.14481012143916205,0.6882793017456359
1243,0.9622454047203064,0.2589229742682594,0.8428927680798005
1244,0.7752822637557983,0.15145658427267283,0.8478802992518704
1245,0.6149018406867981,0.22931957135719827,0.8428927680798005
1246,0.8354830145835876,0.16526418104172935,0.8204488778054863
1247,2.182652235031128,0.5243413171269597,0.24937655860349128
1248,1.749211311340332,0.41500465396080044,0.256857855361596
1249,2.2465925216674805,0.2500604973142341,0.8603491271820449
1250,1.8198837041854856,0.2575778913678418,0.9501246882793017
1251,1.9397474527359009,0.3466083039783334,0.7680798004987531
1252,2.082582712173462,0.19248612818558097,0.6982543640897756
1253,0.9214614033699036,0.10508389462575773,0.7082294264339152
1254,1.8278816938400269,0.2893541829454267,0.6433915211970075
1255,0.948741853237152,0.20654046170564833,0.9376558603491272
1256,1.502648115158081,0.3072277804475797,0.9351620947630923
1257,1.1760274171829224,0.416547295331845,0.9825436408977556
1258,0.7673571705818176,0.23046517575206915,0.830423940149626
1259,1.1674938201904297,0.5664463040388259,0.8453865336658354
1260,0.6877716779708862,0.2591453760502094,0.7506234413965087
1261,1.4552217721939087,0.2068536082447182,0.7506234413965087
1262,2.231121063232422,0.23482945582970738,0.7456359102244389
1263,0.7743302583694458,0.2595721448973226,0.33665835411471323
1264,2.467315912246704,0.1983058431915805,0.29177057356608477
1265,1.6545614004135132,0.31887754371907884,0.2119700748129676
1266,0.9873155355453492,0.2808409857250119,0.014962593516209476
1267,0.9870617389678956,0.393398809581577,0.00997506234413965
1268,0.9963726997375488,0.2853604074277091,0.00997506234413965
1269,1.415489912033081,0.35367939850448693,0.00997506234413965
1270,1.6285089254379272,0.46147817987377837,0.017456359102244388
1271,1.1275317668914795,0.24380049067104437,0.0199501246882793
1272,1.7995822429656982,0.22932770035197858,0.022443890274314215
1273,1.739192008972168,0.21605696292953525,0.0199501246882793
1274,1.6375340223312378,0.18289563838708522,0.11221945137157108
1275,1.29239821434021,0.15390133778193638,0.42144638403990026
1276,2.214241743087769,0.12163797837309198,0.4239401496259352
1277,1.6460158824920654,0.13568850024564183,0.5561097256857855
1278,0.977566123008728,0.2147601882371425,0.24438902743142144
1279,1.7496867179870603,0.2905645237251909,0.30423940149625933
1280,2.0691611766815186,0.25652056192337536,0.7406483790523691
1281,1.8306899070739744,0.1775153782031007,0.13466334164588528
1282,1.2879538536071775,0.5290180496016624,0.13216957605985039
1283,1.959719181060791,0.19289332332360776,0.5685785536159601
1284,1.074171781539917,0.1535545948454594,0.428927680798005
1285,1.7495448589324951,0.18254975337567525,0.38902743142144636
1286,1.4615648984909058,0.2544734058084227,0.3915211970074813
1287,1.1431622505187988,0.2805781281111136,0.6334164588528678
1288,1.005888819694519,0.1605303237437623,0.6359102244389028
1289,0.7489485740661621,0.2632472760479245,0.256857855361596
1290,0.9634708166122437,0.23286857928943627,0.059850374064837904
1291,0.8099934458732605,0.12720151882698605,0.12219451371571072
1292,1.4328584671020508,0.21911713806828703,0.08977556109725686
1293,1.5041933059692385,0.166976151423732,0.7256857855361596
1294,1.0474778413772583,0.5514875845450973,0.04239401496259352
1295,1.5885796546936035,0.22727787867240923,0.04239401496259352
1296,0.6706174612045288,0.5772894552542722,0.02743142144638404
1297,2.3759562969207764,0.13011169939055323,0.1396508728179551
1298,1.6300415992736816,0.28295736980882213,0.06733167082294264
1299,0.8075003623962402,0.29897050781257883,0.2194513715710723
1300,0.7477877140045166,0.10865261009141047,0.3640897755610973
1301,2.231151342391968,0.18177387822966118,0.3167082294264339
1302,1.3727918863296509,0.42001671258091466,0.022443890274314215
1303,1.6183160543441772,0.15714714043388345,0.02493765586034913
1304,0.7598914504051208,0.3191452044454254,0.022443890274314215
1305,1.8482818603515625,0.28487675806102064,0.1770573566084788
1306,1.6726326942443848,0.22673778328501515,0.23192019950124687
1307,0.9157317280769348,0.1912314465304754,0.32169576059850374
1308,1.6277716159820557,0.1053755577452834,0.06982543640897755
1309,1.2370266914367676,0.4301034347178083,0.014962593516209476
1310,1.5569651126861572,0.573167092786242,0.9251870324189526
1311,2.156749963760376,0.3708313388321133,0.9226932668329177
1312,1.6230154037475586,0.21643569224936465,0.7605985037406484
1313,1.6741187572479248,0.16962431753623208,0.713216957605985
1314,1.7834093570709229,0.20659686951231315,0.2194513715710723
1315,1.5125948190689087,0.40585757621576934,0.1546134663341646
1316,1.8516380786895752,0.2308086830447651,0.2743142144638404
1317,1.471910834312439,0.16364204261045723,0.5037406483790524
1318,1.560176134109497,0.30576544532097727,0.38902743142144636
1319,1.9272528886795044,0.3591092225027839,0.28428927680798005
1320,1.8432461023330688,0.20646289368240178,0.7057356608478803
1321,2.3304271697998047,0.19236821517969183,0.5511221945137157
1322,1.9139645099639893,0.1966537932104968,0.18952618453865336
1323,1.5898499488830566,0.1886656186723279,0.18453865336658354
1324,1.9990290403366089,0.289364358811494,0.26683291770573564
1325,1.0228952169418335,0.31063037714988717,0.24189526184538654
1326,1.5911829471588137,0.8566884545322575,0.9351620947630923
1327,1.258256912231445,0.6955469168766908,0.9351620947630923
1328,1.5248819589614868,0.5120824861685047,0.9351620947630923
1329,1.769806981086731,0.37443086148793014,0.9351620947630923
1330,1.6782256364822388,0.44651287684594765,0.9351620947630923
1331,1.4227031469345093,0.7755820057667306,0.9351620947630923
1332,1.2857320308685305,0.3824098230546118,0.9351620947630923
1333,1.7893530130386353,0.8400505852414453,0.9326683291770573
1334,0.6605465412139893,0.4654138136976018,0.9326683291770573
1335,1.6673792600631714,0.21500695148915172,0.22942643391521197
1336,1.5702745914459229,0.1883213863964922,0.08977556109725686
1337,1.8169986009597776,0.1652712570536371,0.0798004987531172
1338,1.4322762489318848,0.2256213334168784,0.17955112219451372
1339,2.003537654876709,0.2677778834813037,0.2344139650872818
1340,0.6108728647232056,0.23948629523547915,0.7107231920199502
1341,0.704947292804718,0.29318111493996746,0.5561097256857855
1342,1.507447600364685,0.20283171251938392,0.16209476309226933
1343,0.9412403106689452,0.1007249068075875,0.16209476309226933
1344,1.370071291923523,0.18945389299767001,0.02743142144638404
1345,1.3754839897155762,0.23776674011088972,0.0199501246882793
1346,2.2152717113494877,0.16113070749659364,0.012468827930174564
1347,1.34614896774292,0.4695873918250091,0.014962593516209476
1348,1.7340583801269531,0.42794467632861577,0.012468827930174564
1349,2.383608341217041,0.19915122706846844,0.012468827930174564
1350,1.670676350593567,0.3656594313625603,0.00997506234413965
1351,2.085219383239746,0.5583617884207857,0.012468827930174564
1352,1.272630214691162,0.27050951370611975,0.014962593516209476
1353,1.891420125961304,0.5422839792637513,0.022443890274314215
1354,1.623529314994812,0.982122540566483,0.02743142144638404
1355,1.4413337707519531,0.4539137735785713,0.14463840399002495
1356,2.098846912384033,0.21006224114374494,0.1546134663341646
1357,1.3164894580841064,0.23949121500505832,0.16708229426433915
1358,1.9003255367279053,0.36485057225674433,0.7306733167082294
1359,2.16536545753479,0.4964231093720648,0.7256857855361596
1360,1.314234495162964,0.33813500186473533,0.7256857855361596
1361,1.4153521060943604,0.22961903382041005,0.7256857855361596
1362,0.8556529879570007,0.381251698552428,0.04488778054862843
1363,1.0556377172470093,0.1488727429744623,0.18952618453865336
1364,1.8075224161148071,0.2375992046180614,0.2543640897755611
1365,0.943636417388916,0.35099665721530227,0.6807980049875312
1366,1.8461216688156128,0.3685886759154603,0.6583541147132169
1367,1.598651885986328,0.25008780030827615,0.6907730673316709
1368,1.820187211036682,0.31771893062410306,0.6957605985037406
