site,open_volume_18A,dist_to_domain_boundary,dist_to_sse_end
4,565,3,0
5,737,4,0
6,909,5,1
7,1035,6,2
8,1137,7,3
9,1119,8,2
10,1055,9,1
11,947,10,0
12,826,11,0
13,701,12,0
14,751,13,0
15,869,14,0
16,972,15,1
17,1072,16,2
18,1072,17,3
19,1046,18,3
20,938,19,2
21,904,20,1
22,739,21,0
23,673,22,0
24,651,23,0
25,819,24,0
26,748,25,0
27,789,26,0
28,669,27,0
29,620,28,0
30,565,29,1
31,474,30,2
32,512,30,3
33,423,29,3
34,464,28,2
35,423,27,1
36,433,26,0
37,389,25,0
38,401,24,0
39,334,23,0
40,379,22,0
41,329,21,0
42,409,20,0
43,507,19,1
44,525,18,2
45,704,17,1
46,760,16,0
47,851,15,0
48,968,14,0
49,1017,13,1
50,1016,12,2
51,945,11,1
52,881,10,0
53,806,9,0
54,698,8,0
55,587,7,0
56,568,6,0
57,496,5,0
58,431,4,0
59,426,3,0
60,369,2,0
61,370,1,1
62,408,0,2
63,397,0,3
64,371,1,4
65,399,2,5
66,437,3,6
67,491,4,7
68,493,5,8
69,487,6,9
70,558,7,10
71,604,8,11
72,563,9,12
73,590,10,13
74,662,11,14
75,678,12,15
76,634,13,16
77,642,14,16
78,732,15,15
79,759,14,14
80,664,13,13
81,691,12,12
82,809,11,11
83,721,10,10
84,614,9,9
85,678,8,8
86,686,7,7
87,559,6,6
88,455,5,5
89,506,4,4
90,580,3,3
91,440,2,2
92,390,1,1
93,486,0,0
94,506,0,0
95,419,1,0
96,482,2,0
97,600,3,0
98,630,4,1
99,547,5,2
100,568,6,2
101,685,7,1
102,635,8,0
103,535,9,0
104,590,10,0
105,530,11,0
106,439,12,0
107,400,13,0
108,363,14,0
109,314,15,0
110,343,16,0
111,372,17,0
112,345,18,0
113,383,19,0
114,389,20,0
115,412,21,0
116,475,22,0
117,588,23,0
118,652,24,0
119,554,25,0
120,458,26,0
121,399,27,0
122,347,28,0
123,283,29,1
124,409,30,2
125,466,31,3
126,349,32,4
127,363,33,4
128,516,34,3
129,521,35,2
130,420,36,1
131,489,37,0
132,620,38,0
133,618,39,0
134,741,40,0
135,822,41,0
136,832,42,1
137,748,43,2
138,780,44,3
139,877,45,4
140,789,46,4
141,681,47,3
142,775,48,2
143,748,49,1
144,618,50,0
145,530,51,0
146,434,52,0
147,436,53,0
148,509,54,0
149,665,55,0
150,698,56,0
151,751,57,0
152,813,58,1
153,874,59,2
154,917,60,3
155,954,61,4
156,960,62,5
157,1003,63,6
158,1001,64,5
159,961,65,4
160,967,66,3
161,982,67,2
162,888,68,1
163,825,69,0
164,790,70,0
165,835,71,0
166,735,72,0
167,671,73,0
168,656,74,0
169,578,75,0
170,615,76,0
171,611,77,0
172,592,78,0
173,620,79,0
174,665,80,0
175,637,81,0
176,698,82,0
177,613,83,0
178,623,84,0
179,491,85,1
180,492,86,2
181,639,87,3
182,566,88,4
183,484,89,5
184,608,90,6
185,696,91,7
186,581,92,8
187,560,93,8
188,717,94,7
189,643,95,6
190,530,96,5
191,544,97,4
192,614,98,3
193,491,99,2
194,405,100,1
195,463,101,0
196,450,102,0
197,318,103,0
198,277,104,0
199,361,105,0
200,424,106,0
201,502,107,0
202,430,108,0
203,479,109,0
204,377,110,0
205,363,111,0
206,474,112,0
207,522,113,0
208,645,114,0
209,621,115,1
210,613,116,2
211,636,117,2
212,727,118,1
213,748,119,0
214,686,120,0
215,702,121,0
216,646,122,0
217,679,123,0
218,739,124,0
219,674,125,1
220,599,126,2
221,665,127,3
222,713,128,4
223,563,129,4
224,531,130,3
225,606,131,2
226,572,132,1
227,431,133,0
228,451,134,0
229,479,135,0
230,362,136,0
231,350,137,0
232,498,138,0
233,522,139,0
234,632,140,0
235,615,141,0
236,653,142,0
237,737,143,0
238,776,144,1
239,795,145,2
240,844,146,3
241,886,147,4
242,851,148,3
243,840,149,2
244,858,150,1
245,868,151,0
246,832,152,0
247,796,153,0
248,759,154,0
249,729,155,0
250,759,156,0
251,675,157,0
252,649,158,0
253,535,159,0
254,486,160,0
255,558,161,0
256,475,162,0
257,356,163,0
258,387,164,0
259,373,165,0
260,473,166,0
261,549,167,0
262,593,168,0
263,634,169,0
264,686,170,0
265,704,171,0
266,716,172,0
267,664,173,0
268,630,174,0
269,637,175,0
270,659,176,0
271,673,177,0
272,655,178,1
273,648,179,2
274,647,180,3
275,649,181,4
276,603,182,5
277,596,183,5
278,563,184,4
279,536,185,3
280,460,186,2
281,427,187,1
282,439,188,0
283,417,189,0
284,443,190,0
285,435,191,1
286,573,192,2
287,569,193,3
288,559,194,4
289,687,195,5
290,708,196,6
291,647,197,7
292,709,198,8
293,838,199,7
294,768,200,6
295,685,201,5
296,765,202,4
297,808,203,3
298,741,204,2
299,703,205,1
300,779,206,0
301,811,207,0
302,828,208,0
303,826,209,0
304,819,210,1
305,855,211,1
306,846,212,0
307,801,213,0
308,718,214,0
309,571,215,0
310,605,216,0
311,457,217,0
312,489,218,0
313,600,219,0
314,674,220,0
315,808,221,0
316,796,222,0
317,875,223,1
318,855,224,2
319,786,225,3
320,812,226,4
321,811,227,5
322,730,228,6
323,716,229,7
324,755,230,8
325,713,231,9
326,619,232,10
327,641,233,11
328,708,234,12
329,612,235,13
330,546,236,12
331,626,237,11
332,679,238,10
333,541,239,9
334,523,240,8
335,602,241,7
336,543,242,6
337,428,243,5
338,454,244,4
339,472,245,3
340,367,246,2
341,318,247,1
342,329,248,0
343,368,249,0
344,335,250,0
345,316,251,1
346,411,252,2
347,452,253,3
348,383,254,3
349,429,255,2
350,530,256,1
351,505,257,0
352,394,258,0
353,365,259,0
354,364,260,0
355,326,261,0
356,389,262,0
357,481,263,0
358,568,264,0
359,647,265,0
360,519,266,1
361,466,267,2
362,574,268,1
363,571,269,0
364,446,270,0
365,407,271,0
366,415,272,0
367,447,273,0
368,483,274,0
369,594,275,0
370,546,276,1
371,497,277,2
372,612,278,3
373,643,279,4
374,534,280,5
375,557,281,6
376,620,282,6
377,560,283,5
378,486,284,4
379,537,285,3
380,551,286,2
381,436,287,1
382,379,288,0
383,400,289,0
384,345,290,0
386,477,292,0
387,395,293,0
388,471,294,1
389,582,295,2
390,538,296,3
391,527,297,3
392,659,298,2
393,635,299,1
394,581,300,0
395,637,301,0
396,677,302,0
397,720,303,0
398,707,304,0
399,759,305,0
400,756,306,0
401,740,307,0
402,774,308,0
403,709,309,0
404,667,310,0
405,580,311,0
406,652,311,0
407,684,310,0
408,615,309,1
409,684,308,0
410,755,307,0
411,727,306,0
412,772,305,0
413,732,304,1
414,829,303,2
415,902,302,3
416,853,301,4
417,808,300,5
418,909,299,6
419,925,298,7
420,796,297,6
421,762,296,5
422,810,295,4
423,760,294,3
424,597,293,2
425,593,292,1
426,620,291,0
427,553,290,0
428,420,289,0
429,458,288,0
430,512,287,0
431,443,286,0
432,515,285,1
433,635,284,2
434,517,283,1
435,461,282,0
436,589,281,0
437,665,280,0
438,623,279,1
439,678,278,2
440,789,277,3
441,797,276,4
442,755,275,3
443,796,274,2
444,861,273,1
445,798,272,0
446,787,271,0
447,789,270,0
448,784,269,0
449,769,268,0
450,712,267,0
451,679,266,0
452,692,265,0
453,671,264,0
454,626,263,0
455,605,262,0
456,509,261,0
457,397,260,0
458,300,259,0
459,297,258,0
460,399,257,0
461,362,256,0
462,454,255,0
463,513,254,0
464,506,253,0
465,543,252,0
466,474,251,0
467,433,250,0
468,393,249,0
469,321,248,0
470,296,247,0
471,341,246,0
472,428,245,0
473,544,244,0
474,602,243,0
475,703,242,0
476,580,241,0
477,512,240,0
478,591,239,0
479,545,238,1
480,433,237,1
481,435,236,0
482,536,235,0
483,517,234,0
484,605,233,0
485,614,232,1
486,574,231,2
487,596,230,3
488,647,229,4
489,645,228,4
490,587,227,3
491,609,226,2
492,622,225,1
493,583,224,0
494,531,223,0
495,525,222,0
496,537,221,0
497,491,220,0
498,485,219,0
499,539,218,0
500,471,217,0
501,504,216,0
502,487,215,0
503,395,214,0
504,377,213,0
505,518,212,0
506,581,211,0
507,629,210,0
508,721,209,0
509,760,208,0
510,748,207,0
511,829,206,0
512,887,205,0
513,892,204,0
514,905,203,1
515,896,202,2
516,905,201,3
517,939,200,4
518,929,199,5
519,879,198,5
520,896,197,4
521,897,196,3
522,838,195,2
523,789,194,1
524,795,193,0
525,747,192,0
526,669,191,0
527,695,190,0
528,608,189,0
529,569,188,1
530,428,187,0
531,353,186,0
532,261,185,0
533,247,184,0
534,288,183,0
535,231,182,0
536,290,181,0
537,406,180,0
538,485,179,0
539,596,178,0
540,682,177,0
541,610,176,0
542,617,175,0
543,534,174,1
544,647,173,2
545,769,172,3
546,727,171,4
547,653,170,5
548,733,169,5
549,793,168,4
550,684,167,3
551,609,166,2
552,661,165,1
553,748,164,0
554,695,163,0
555,592,162,0
556,616,161,0
557,652,160,0
558,602,159,0
559,634,158,0
560,557,157,0
561,557,156,0
562,474,155,1
563,526,154,2
564,603,153,3
565,539,152,4
566,431,151,5
567,480,150,6
568,549,149,5
569,512,148,4
570,411,147,3
571,374,146,2
572,402,145,1
573,410,144,0
574,324,143,0
575,362,142,0
576,292,141,0
577,345,140,0
578,431,139,0
579,447,138,0
580,546,137,0
581,502,136,0
582,584,135,0
583,585,134,0
584,495,133,0
585,465,132,0
586,544,131,0
587,648,130,0
588,607,129,0
589,728,128,0
590,742,127,0
591,835,126,0
592,782,125,0
593,863,124,1
594,807,123,2
595,754,122,3
596,789,121,4
597,801,120,4
598,681,119,3
599,642,118,2
600,683,117,1
601,607,116,0
602,515,115,0
603,487,114,0
604,530,113,0
605,453,112,1
606,518,111,2
607,651,110,1
608,591,109,0
609,498,108,0
610,541,107,0
611,426,106,1
612,552,105,2
613,684,104,3
614,645,103,4
615,653,102,5
616,779,101,6
617,833,100,7
618,782,99,7
619,804,98,6
620,883,97,5
621,827,96,4
622,793,95,3
623,813,94,2
624,783,93,1
625,729,92,0
626,709,91,0
627,703,90,0
628,702,89,0
629,698,88,0
630,633,87,1
631,655,86,2
632,686,85,3
633,574,84,4
634,538,83,5
635,615,82,6
636,602,81,5
637,456,80,4
638,422,79,3
639,495,78,2
640,420,77,1
641,356,76,0
642,435,75,0
643,455,74,0
644,369,73,0
645,364,72,0
646,433,71,1
647,531,70,2
648,550,69,3
649,551,68,4
650,644,67,3
651,685,66,2
652,683,65,1
653,691,64,0
654,755,63,0
655,755,62,0
656,757,61,0
657,662,60,0
658,608,59,0
659,637,58,0
660,661,57,0
661,628,56,0
662,709,55,0
663,713,54,0
664,752,53,0
665,683,52,1
666,699,51,2
667,818,50,1
668,758,49,0
669,626,48,0
670,577,47,0
671,514,46,0
672,457,45,0
673,343,44,0
674,325,43,0
675,386,42,0
676,381,41,0
677,539,40,0
678,652,39,0
679,728,38,0
680,828,37,1
681,697,36,2
682,670,35,2
683,775,34,1
684,757,33,0
685,623,32,0
686,575,31,0
687,482,30,0
688,466,29,0
689,511,28,0
690,605,27,0
691,616,26,0
692,672,25,0
693,723,24,0
694,593,23,1
695,555,22,2
696,597,21,2
697,583,20,1
698,461,19,0
699,430,18,0
700,337,17,0
701,348,16,0
702,430,15,0
703,420,14,0
704,500,13,0
705,454,12,1
706,383,11,2
707,421,10,1
708,463,9,0
709,364,8,0
710,316,7,0
719,295,1,0
720,429,2,0
721,424,3,1
722,365,4,2
723,405,5,2
724,509,6,1
725,490,7,0
726,450,8,0
727,475,9,0
728,444,10,0
729,472,11,0
730,479,12,0
731,530,13,0
732,575,14,1
733,644,15,2
734,626,16,3
735,696,17,4
736,795,18,5
737,783,19,6
738,731,20,7
739,830,21,8
740,951,22,9
741,880,23,9
742,796,23,8
743,922,22,7
744,913,21,6
745,745,20,5
746,753,19,4
747,821,18,3
748,682,17,2
749,584,16,1
750,609,15,0
751,584,14,0
752,451,13,0
753,471,12,0
754,480,11,0
755,609,10,0
756,733,9,0
757,740,8,0
758,894,7,0
759,986,6,1
760,1080,5,2
761,1051,4,2
762,989,3,1
763,870,2,0
764,772,1,0
765,664,0,0
776,372,10,0
777,372,11,0
778,350,12,1
779,412,13,2
780,521,14,3
781,489,15,4
782,491,16,5
783,572,17,6
784,630,18,7
785,579,19,6
786,609,20,5
787,681,21,4
788,677,22,3
789,662,23,2
790,669,24,1
791,674,25,0
792,656,26,0
793,608,27,0
794,531,28,0
795,559,29,0
796,547,30,1
797,464,31,1
798,396,32,0
799,457,33,0
800,474,34,0
801,487,35,0
802,433,36,0
803,397,37,0
804,341,38,1
805,439,39,0
806,537,40,0
807,442,41,0
808,507,42,0
809,618,43,0
810,669,44,1
811,660,45,2
812,716,46,3
813,856,47,3
814,799,48,2
815,756,49,1
816,841,50,0
817,870,51,0
818,751,52,0
819,717,53,0
820,747,54,0
821,745,55,0
822,831,56,0
823,724,57,0
824,601,58,0
825,601,59,0
826,559,60,0
827,552,61,0
828,580,62,0
829,468,63,0
830,500,64,0
831,391,65,0
832,411,66,0
833,494,67,0
834,384,68,1
835,362,69,0
836,505,70,0
837,576,71,0
838,680,72,1
839,723,73,1
840,734,74,0
841,788,75,0
842,699,76,0
843,650,77,0
844,629,78,0
845,624,79,0
846,652,78,0
847,657,77,0
848,620,76,0
849,620,75,0
850,579,74,0
851,611,73,0
852,717,72,0
853,730,71,1
854,769,70,0
855,789,69,0
856,855,68,1
857,806,67,1
858,709,66,0
859,545,65,0
860,531,64,0
861,597,63,0
862,468,62,1
863,541,61,1
864,640,60,0
865,517,59,0
866,483,58,0
867,510,57,0
868,531,56,0
869,605,55,0
870,660,54,0
871,677,53,0
872,545,52,0
873,472,51,0
874,446,50,1
875,573,49,2
876,568,48,3
877,444,47,4
878,483,46,5
879,625,45,6
880,592,44,7
881,548,43,7
882,664,42,6
883,711,41,5
884,623,40,4
885,643,39,3
886,724,38,2
887,647,37,1
888,597,36,0
889,639,35,0
890,611,34,0
891,745,33,0
892,742,32,0
893,622,31,0
894,568,30,0
895,591,29,1
896,723,28,2
897,694,27,3
898,627,26,2
899,708,25,1
900,736,24,0
901,636,23,0
902,595,22,0
903,539,21,1
904,446,20,1
905,438,19,0
906,406,18,0
907,526,17,0
908,531,16,0
909,435,15,0
910,417,14,0
911,405,13,1
912,509,12,2
913,530,11,3
914,497,10,4
915,539,9,5
916,622,8,5
917,628,7,4
918,671,6,3
919,681,5,2
920,730,4,1
921,807,3,0
922,784,2,0
923,761,1,0
924,623,0,0
925,607,0,0
926,551,1,0
927,606,2,1
928,752,3,2
929,688,4,3
930,635,5,4
931,769,6,5
932,835,7,6
933,686,8,6
934,684,9,5
935,811,10,4
936,716,11,3
937,599,12,2
938,620,13,1
939,628,14,0
940,525,15,0
941,407,16,0
942,313,17,0
943,239,18,0
944,190,19,0
945,126,20,0
946,139,21,0
947,172,22,0
948,238,23,0
949,311,24,0
950,350,25,0
951,492,26,0
952,557,27,0
953,682,28,0
954,776,29,0
955,870,30,1
956,928,31,2
957,935,32,1
958,954,33,0
959,891,34,0
960,876,35,0
961,819,36,1
962,925,37,2
963,971,38,3
964,835,39,4
965,803,40,4
966,871,41,3
967,837,42,2
968,707,43,1
969,707,44,0
970,728,45,0
971,721,46,0
972,828,47,0
973,794,48,0
974,854,49,0
975,859,50,0
976,850,51,0
977,843,52,0
978,918,53,0
979,948,54,0
980,977,55,0
981,980,56,0
982,959,57,1
983,1007,58,2
984,1058,59,3
985,1016,60,4
986,1040,61,5
987,1122,62,6
988,1085,63,7
989,1048,64,8
990,1122,65,9
991,1108,66,9
992,1004,67,8
993,1018,68,7
994,1037,69,6
995,967,70,5
996,908,71,4
997,907,72,3
998,814,73,2
999,720,74,1
1000,691,75,0
1001,638,76,0
1002,561,77,0
1003,502,78,1
1004,648,79,2
1005,656,80,3
1006,564,81,2
1007,653,82,1
1008,779,83,0
1009,746,84,0
1010,671,85,0
1011,525,86,0
1012,433,86,0
1030,220,68,0
1031,260,67,0
1032,328,66,1
1033,333,65,2
1034,349,64,3
1035,425,63,4
1036,468,62,4
1037,462,61,3
1038,545,60,2
1039,639,59,1
1040,621,58,0
1041,634,57,0
1042,733,56,0
1043,786,55,1
1044,648,54,2
1045,657,53,1
1046,696,52,0
1047,567,51,0
1048,433,50,0
1049,356,49,0
1050,375,48,0
1059,277,39,0
1060,374,38,0
1061,357,37,0
1062,398,36,0
1063,435,35,0
1064,522,34,1
1065,460,33,0
1066,460,32,0
1067,327,31,0
1068,249,30,0
1069,276,29,0
1070,313,28,0
1071,415,27,0
1072,487,26,0
1073,644,25,1
1074,657,24,1
1075,544,23,0
1076,546,22,0
1077,430,21,0
1078,470,20,0
1079,653,19,0
1080,690,18,1
1081,579,17,2
1082,658,16,3
1083,823,15,4
1084,737,14,3
1085,662,13,2
1086,801,12,1
1087,851,11,0
1088,762,10,0
1089,745,9,0
1090,771,8,0
1091,840,7,0
1092,947,6,0
1093,991,5,0
1094,1038,4,1
1095,991,3,1
1096,945,2,0
1097,847,1,0
1098,828,0,0
1099,744,0,0
1100,674,1,0
1101,655,2,0
1102,584,3,0
1103,540,4,0
1104,546,5,0
1105,571,6,0
1106,550,7,0
1107,458,8,0
1108,452,9,0
1109,400,10,0
1110,427,11,0
1111,385,12,0
1112,383,13,0
1113,359,14,0
1114,311,15,0
1115,274,16,0
1116,312,17,0
1117,419,18,0
1118,455,19,0
1119,420,20,0
1120,463,21,0
1121,458,22,0
1122,488,23,0
1123,485,24,0
1124,423,25,0
1125,365,26,0
1126,419,27,0
1127,386,28,0
1128,388,29,0
1129,333,30,1
1130,356,31,1
1131,403,32,0
1132,391,33,0
1133,414,34,0
1134,429,35,0
1135,443,36,0
1136,509,37,0
1137,602,38,0
1138,630,39,0
1139,701,40,0
1140,660,41,1
1141,730,42,2
1142,826,43,3
1143,771,44,4
1144,743,45,5
1145,646,46,6
1146,546,47,5
1147,468,48,4
1148,394,49,3
1149,369,50,2
1150,270,51,1
1151,223,52,0
1152,158,53,0
1153,130,54,0
1154,131,55,0
1155,184,56,0
1156,196,57,0
1157,248,58,1
1158,290,59,2
1159,362,60,3
1160,477,61,4
1161,571,62,5
1162,658,63,5
1163,773,64,4
1164,770,65,3
1165,753,66,2
1166,689,67,1
1167,649,68,0
1168,594,69,0
1169,561,70,0
1170,554,71,0
1171,523,72,0
1172,406,73,1
1173,413,74,2
1174,473,75,2
1175,425,76,1
1176,327,77,0
1177,349,78,0
1178,442,79,0
1179,420,80,1
1180,381,81,2
1181,474,82,3
1182,510,83,2
1183,426,84,1
1184,451,85,0
1185,542,86,0
1186,446,87,0
1187,466,88,0
1188,389,89,0
1189,365,90,0
1190,447,91,0
1191,430,92,0
1192,447,93,0
1193,437,94,1
1194,533,95,0
1195,625,96,0
1196,716,97,0
1197,744,98,1
1198,835,99,0
1199,810,100,0
1200,832,101,0
1201,882,102,0
1202,896,103,0
1203,935,104,0
1204,855,105,1
1205,780,106,0
1206,645,107,0
1207,480,108,0
1208,502,109,0
1209,684,110,0
1210,733,111,0
1211,851,112,0
1212,862,113,1
1213,891,114,1
1214,854,115,0
1215,801,116,0
1216,780,117,0
1217,784,118,0
1218,693,119,0
1219,699,120,0
1220,791,121,0
1221,831,122,1
1222,863,123,0
1223,947,124,0
1224,948,125,0
1225,968,126,0
1226,893,127,0
1227,850,128,0
1228,821,129,0
1229,739,130,0
1230,798,131,0
1231,708,132,1
1232,768,133,2
1233,834,134,3
1234,770,134,4
1235,693,133,5
1236,777,132,4
1237,733,131,3
1238,612,130,2
1239,608,129,1
1240,631,128,0
1241,520,127,0
1253,279,115,0
1254,325,114,0
1255,423,113,1
1256,379,112,2
1257,331,111,3
1258,411,110,3
1259,486,109,2
1260,407,108,1
1261,370,107,0
1262,464,106,0
1263,526,105,0
1264,490,104,0
1265,612,103,1
1266,678,102,2
1267,593,101,3
1268,596,100,4
1269,754,99,5
1270,738,98,6
1271,616,97,7
1272,691,96,8
1273,805,95,8
1274,678,94,7
1275,584,93,6
1276,712,92,5
1277,701,91,4
1278,555,90,3
1279,548,89,2
1280,706,88,1
1281,717,87,0
1282,597,86,0
1283,593,85,0
1284,509,84,0
1285,450,83,1
1286,573,82,2
1287,615,81,3
1288,484,80,4
1289,505,79,5
1290,620,78,6
1291,572,77,5
1292,473,76,4
1293,495,75,3
1294,574,74,2
1295,453,73,1
1296,388,72,0
1297,446,71,0
1298,466,70,0
1299,364,69,0
1300,404,68,0
1301,444,67,0
1302,540,66,0
1303,558,65,1
1304,539,64,2
1305,633,63,3
1306,714,62,4
1307,676,61,5
1308,684,60,6
1309,802,59,6
1310,819,58,5
1311,760,57,4
1312,838,56,3
1313,898,55,2
1314,821,54,1
1315,785,53,0
1316,880,52,0
1317,917,51,0
1318,948,50,0
1319,882,49,0
1320,767,48,0
1321,703,47,0
1322,607,46,0
1323,518,45,0
1324,570,44,0
1325,523,43,0
1326,591,42,0
1327,467,41,0
1328,361,40,0
1329,411,39,0
1330,426,38,0
1331,514,37,0
1332,441,36,0
1333,550,35,0
1334,554,34,0
1335,571,33,0
1336,617,32,0
1337,553,31,0
1338,573,30,0
1339,687,29,0
1340,589,28,0
1341,593,27,0
1342,711,26,1
1343,659,25,1
1344,578,24,0
1345,630,23,0
1346,674,22,0
1347,760,21,1
1348,810,20,2
1349,785,19,1
1350,851,18,0
1351,786,17,0
1352,858,16,0
1353,933,15,0
1354,903,14,0
1355,787,13,0
1356,658,12,0
1357,670,11,0
1358,587,10,1
1359,608,9,2
1360,577,8,1
1361,534,7,0
1362,593,6,0
1363,470,5,0
1364,440,4,0
