site,min_dist_rna,min_dist_dna
4,15.933153,31.819412
5,14.485853,27.977705
6,18.434729,25.595465
7,13.703776,21.721716
8,15.658427,21.163774
9,13.004094,17.389261
10,13.596103,16.551146
11,10.15119,14.054865
12,9.866115,15.77341
13,8.182906,12.567866
14,9.28308,9.139425
15,10.94274,13.504618
16,9.462727,16.539463
17,12.097093,18.971163
18,9.847449,21.322567
19,15.155557,24.704151
20,14.449601,27.420305
21,18.146757,26.84242
22,18.21935,30.85196
23,21.636658,32.265488
24,23.576427,33.08166
25,22.620823,28.488646
26,19.02838,32.149208
27,16.586185,29.492527
28,13.800534,31.366089
29,11.821577,32.689777
30,7.293211,31.236555
31,5.6021423,32.31409
32,4.9322853,29.268032
33,2.896241,28.75834
34,4.374313,26.725227
35,3.5437348,26.54727
36,6.6554804,27.377697
37,7.663434,24.231085
38,9.7158375,24.20357
39,12.377816,26.87912
40,9.0714,27.18628
41,7.337333,31.233637
42,8.141658,29.848392
43,8.573085,25.37265
44,11.183532,27.955738
45,8.937235,23.30094
46,13.378908,26.789349
47,10.657256,27.080137
48,14.518416,23.486145
49,12.16941,20.265236
50,9.3259,16.730593
51,4.2053447,14.919153
52,6.802857,11.436033
53,6.847789,10.066884
54,4.9145746,6.879992
55,4.1469975,8.460089
56,3.4684534,10.074585
57,2.6005645,8.31829
58,3.0918267,10.091728
59,2.6138482,11.845537
60,3.2874947,8.850279
61,3.4305131,8.586881
62,2.3831675,11.484484
63,2.4191396,6.7159863
64,4.353051,6.324478
65,2.3699653,6.2563925
66,2.583909,10.382519
67,3.144253,7.6951094
68,3.2522058,6.745361
69,2.1100907,9.31662
70,2.3603418,10.566366
71,2.204262,6.2475653
72,3.358912,4.1023006
73,3.0923295,12.2930155
74,2.626796,11.639555
75,3.0541832,9.016882
76,3.2465653,14.496403
77,2.7314725,17.124743
78,2.6653497,12.76801
79,3.838347,16.968676
80,7.232323,20.183924
81,3.6398313,20.745516
82,6.287526,22.440765
83,4.2138906,21.3461
84,10.16359,26.074305
85,11.814828,26.142336
86,9.962618,27.144812
87,12.165881,29.76711
88,14.947873,32.657948
89,15.142392,33.88462
90,9.940912,28.884981
91,14.798574,33.109104
92,17.21082,35.64935
93,15.4516535,34.075085
94,11.882286,31.172478
95,14.068597,31.298964
96,9.555092,27.582726
97,7.196759,25.226534
98,6.5533285,23.182787
99,6.2714295,23.501812
100,4.717313,22.35385
101,2.3420637,19.379435
102,1.9770838,18.929228
103,3.3686228,20.66186
104,2.646853,17.900715
105,2.5574672,13.872812
106,3.4644825,19.483694
107,3.824223,19.569902
108,3.0778947,24.053648
109,6.318994,21.230595
110,7.5065002,20.830374
111,2.8138542,22.83789
112,9.342616,27.391855
113,7.160288,28.21518
114,4.9772577,27.384195
115,2.263336,25.106379
116,3.1100366,26.6739
117,3.2504747,23.16667
118,5.8615513,25.140163
119,7.8324676,28.895088
120,8.184643,30.253479
121,6.9303102,31.453207
122,3.2037883,32.288273
123,4.855151,34.131405
124,7.285006,31.706985
125,3.1479115,25.699585
126,2.569173,30.676292
127,4.6358366,32.120354
128,5.4656844,24.954287
129,3.149627,24.062525
130,3.4185965,30.303547
131,6.0784683,30.622528
132,5.8732677,26.40877
133,3.6475263,23.883957
134,3.6079795,22.22553
135,2.9606423,19.988329
136,4.0922565,15.854468
137,7.1590796,24.16924
138,7.916933,25.404812
139,6.213929,16.583729
140,11.213319,24.214796
141,12.651987,27.026958
142,11.907981,26.866405
143,14.80186,23.729603
144,17.063068,27.586647
145,18.059208,30.760405
146,20.83086,33.86926
147,19.726421,34.224865
148,19.258326,35.272934
149,16.011038,32.046597
150,13.2476635,31.320509
151,10.552682,29.229265
152,8.533529,26.652166
153,9.534222,26.594017
154,9.121316,25.276913
155,3.0906978,21.379236
156,4.658743,21.8793
157,6.929785,20.495632
158,7.163095,19.541086
159,3.4682567,18.36978
160,2.91644,16.185213
161,6.286768,14.720875
162,5.0955205,14.611389
163,2.7653039,12.393389
164,3.2686489,11.572913
165,3.0140257,10.559764
166,3.1151156,7.5172925
167,3.6290758,4.6816535
168,2.8445733,6.4828663
169,3.8670077,3.8837218
170,7.1629534,8.024487
171,9.527689,7.1132774
172,11.8881855,12.948371
173,14.080701,15.906665
174,12.12182,13.96208
175,16.073328,19.579222
176,13.917013,19.13953
177,18.212782,22.505732
178,18.601398,22.72454
179,21.96681,26.536886
180,24.486465,28.409105
181,22.661829,25.42392
182,27.216314,29.765774
183,29.4922,31.021803
184,25.248594,26.245943
185,28.796059,27.542011
186,31.433987,30.88571
187,31.27453,29.809772
188,29.2386,25.391865
189,33.589085,30.338482
190,35.93822,32.843746
191,34.267212,30.097881
192,32.649525,30.481525
193,37.20006,33.911686
194,38.121513,35.756123
195,32.22521,31.33083
196,31.738382,32.023037
197,39.034203,38.355362
198,39.593327,40.18538
199,38.016327,36.600258
200,39.86927,36.9506
201,35.359447,31.67617
202,37.517693,35.42536
203,35.561035,35.102425
204,36.32992,36.963684
205,32.934105,35.846775
206,31.383213,31.508686
207,26.61055,29.502155
208,25.552395,26.582901
209,23.060959,25.8408
210,22.743937,25.67482
211,23.425138,23.7131
212,20.695122,21.042023
213,18.347803,21.83021
214,18.767565,20.374979
215,12.022011,15.388931
216,17.73491,17.570992
217,18.176737,15.699225
218,15.525595,12.4874735
219,21.627827,16.701433
220,20.354433,15.977263
221,18.345896,17.873959
222,25.042814,21.61807
223,25.823345,21.300198
224,25.5802,24.409548
225,28.81808,26.2845
226,31.032278,26.99106
227,32.403923,29.411947
228,32.07573,31.281357
229,34.173088,30.347702
230,38.416893,35.245472
231,35.440853,34.607075
232,33.102146,31.028385
233,29.71992,28.064098
234,26.383333,24.413559
235,23.581718,24.599209
236,26.895914,25.674057
237,26.970514,25.203384
238,29.462254,25.155691
239,27.01908,22.715654
240,23.316925,20.519377
241,26.047508,21.175817
242,24.506874,20.270609
243,22.074879,17.097843
244,21.263767,16.47157
245,21.233889,18.212406
246,18.674654,15.509367
247,16.955904,12.011328
248,19.153042,13.748277
249,16.140354,11.372319
250,18.547838,16.147297
251,16.212994,18.871721
252,19.588825,20.297838
253,16.345907,23.244873
254,21.162363,25.775799
255,23.712812,25.35802
256,23.770504,26.080105
257,22.595589,29.743202
258,19.102415,25.305717
259,15.843523,22.91831
260,13.587607,21.436668
261,12.05001,19.727444
262,15.762615,19.249878
263,13.297815,15.62907
264,17.692081,14.673067
265,15.75385,8.389784
266,17.315577,12.65295
267,14.128079,8.769892
268,12.48356,8.471075
269,14.02918,5.315827
270,14.670317,9.366941
271,18.636566,12.252307
272,20.84995,14.758652
273,17.67077,14.443954
274,14.537938,13.188025
275,19.666365,17.743732
276,21.250113,19.578104
277,16.100208,18.165918
278,20.027424,21.576288
279,22.843573,23.58633
280,22.312479,25.105862
281,18.670815,23.559898
282,23.898989,26.497242
283,27.006231,28.598558
284,27.557554,26.594818
285,31.04751,30.460905
286,28.498531,26.731146
287,29.333748,25.517492
288,31.422148,27.540014
289,29.881773,25.331228
290,24.104082,21.672117
291,27.093761,23.58495
292,27.425344,24.379112
293,24.504175,21.062847
294,20.138407,17.941324
295,24.045225,22.650223
296,22.550508,21.915848
297,19.58599,17.213242
298,18.522556,18.354252
299,19.213816,21.781883
300,17.374832,18.469082
301,14.767854,14.437044
302,11.594194,13.719954
303,14.608096,17.483343
304,11.743363,14.415821
305,8.345662,11.791222
306,11.153581,17.19639
307,12.1768,19.363174
308,14.170982,22.48915
309,18.60255,25.478003
310,17.711857,23.397564
311,21.155273,27.789936
312,18.593805,28.71249
313,16.336754,25.186731
314,14.794147,22.60393
315,12.90851,21.736984
316,11.802207,19.992298
317,6.093899,14.959312
318,9.517494,19.295935
319,10.799308,21.767971
320,8.944237,18.512653
321,5.9178953,16.82834
322,6.8937063,22.490147
323,6.949768,23.697615
324,4.3441806,15.082552
325,3.2359183,22.835176
326,5.3561463,25.647297
327,6.4061785,25.152815
328,3.05168,20.815052
329,2.3696454,25.924582
330,5.7120147,28.713263
331,7.568684,25.974897
332,3.9875169,25.890303
333,5.7917156,29.739895
334,8.858068,31.313015
335,7.8765225,25.508312
336,3.1485257,27.084648
337,5.7063646,31.328623
338,7.9387574,30.95699
339,7.4624915,26.571747
340,2.59668,29.157915
341,8.024465,32.88401
342,10.614419,31.206581
343,10.157617,27.197271
344,7.602537,27.221636
345,9.64386,24.328785
346,10.019524,22.506243
347,3.3591356,22.907572
348,4.5881643,20.130156
349,8.429988,16.83321
350,5.654247,19.520582
351,2.7985182,20.914122
352,3.5437288,17.742651
353,6.498528,13.888381
354,6.0817504,11.895111
355,9.149253,10.150251
356,10.226094,12.244653
357,9.904164,11.168386
358,7.551275,15.787471
359,2.9191124,18.922148
360,3.4243164,16.40004
361,5.6072326,14.121208
362,5.468484,15.681137
363,3.2587035,16.42175
364,3.0945716,14.0054035
365,3.5052829,12.083562
366,4.0558825,9.700278
367,4.870202,11.762573
368,5.2427197,11.305804
369,5.7537646,13.107772
370,8.238489,10.158008
371,8.229903,10.678987
372,9.273785,16.494436
373,9.887656,16.07228
374,13.471121,16.517557
375,11.53697,16.38189
376,11.401006,20.25601
377,16.082895,17.192005
378,17.68654,22.04759
379,13.218536,21.440372
380,13.883138,24.447166
381,18.370861,25.570827
382,18.297579,26.45728
383,11.6773405,28.319693
384,15.689039,33.286972
386,14.708064,28.533936
387,18.446,28.137924
388,15.476566,25.79425
389,12.446222,23.554379
390,16.928621,22.402447
391,16.655104,21.724844
392,12.130958,19.653502
393,14.592247,17.704672
394,16.546726,17.29455
395,13.919088,16.687483
396,10.600936,11.856812
397,9.979469,17.967937
398,8.424677,19.792112
399,6.351061,18.873241
400,3.7319667,13.723853
401,2.8332026,14.921745
402,2.7598808,14.567281
403,2.342509,11.717565
404,2.847392,9.074825
405,2.9034302,6.6821103
406,4.0737605,8.912379
407,3.2961562,8.405855
408,3.5861742,5.107028
409,5.6130757,7.183382
410,3.8583121,7.896084
411,6.166512,9.289172
412,6.8752093,10.115891
413,8.878514,11.895743
414,6.558181,13.713396
415,3.1850958,12.323348
416,9.401794,16.053915
417,11.634363,18.212906
418,10.089286,19.330004
419,11.6678095,19.817474
420,14.630343,21.88446
421,16.338606,23.898483
422,12.289273,23.939678
423,14.366301,24.179457
424,18.394342,25.047668
425,19.201353,29.632206
426,16.686712,30.49114
427,19.110922,31.477995
428,21.551113,34.223267
429,20.85035,35.562077
430,17.053774,33.74126
431,20.257376,34.36274
432,13.830938,30.919233
433,13.96295,28.997478
434,19.091326,31.162245
435,17.267569,30.853683
436,14.396609,26.76128
437,14.370948,24.65274
438,11.792855,23.193872
439,9.495966,22.293053
440,10.51466,20.56839
441,10.407192,18.772242
442,6.8538127,17.884909
443,5.9871445,16.538012
444,6.637489,14.084842
445,6.5075254,13.565954
446,3.378208,13.356955
447,3.266753,4.8589587
448,2.6326497,8.553468
449,3.88261,8.211266
450,2.5983872,3.4417825
451,4.6173224,6.5987487
452,4.966636,8.928995
453,3.5036235,9.544597
454,3.2401476,10.605885
455,2.7791805,14.71975
456,3.1425235,16.628305
457,2.5824926,19.751537
458,4.0145154,20.695063
459,3.0710027,19.642994
460,2.5541985,15.02899
461,3.831582,12.97078
462,2.1810956,11.095983
463,4.2462745,13.035642
464,3.5405967,7.548432
465,5.9781413,13.791862
466,10.053862,16.392763
467,2.3849208,19.745605
468,10.550139,20.986778
469,8.1283045,23.826355
470,7.5883975,25.566883
471,4.6346197,24.187798
472,2.9509723,23.792772
473,3.1227982,19.19494
474,4.2381177,19.71887
475,3.2093174,18.729506
476,6.4529233,20.988697
477,6.875592,21.601892
478,6.0118256,14.656166
479,9.836307,16.3395
480,11.200444,21.638466
481,6.6018305,21.042145
482,7.367049,16.179113
483,11.102881,15.850911
484,10.523525,12.974787
485,13.214031,12.735401
486,12.437077,13.304636
487,8.941718,10.550171
488,9.777723,8.178556
489,11.756469,8.933051
490,8.825472,8.67483
491,4.636254,3.6886387
492,8.838242,3.8797195
493,10.5240755,6.6555924
494,3.14989,6.9792995
495,3.8264697,3.4220872
496,9.10356,3.5719864
497,7.633939,2.6849825
498,8.126995,6.27407
499,7.3433437,8.54077
500,4.7443166,4.1389065
501,6.197026,10.823926
502,10.313759,12.669464
503,11.960784,11.808922
504,14.043877,13.266537
505,11.609364,9.829351
506,11.641888,8.7504425
507,7.2661667,5.658282
508,7.5693235,7.522895
509,7.9205594,8.153204
510,2.9539235,7.8433614
511,6.9391584,8.509479
512,9.126702,11.454007
513,11.14495,14.828403
514,9.866906,16.223846
515,2.2115932,9.932181
516,6.2744565,13.122541
517,9.522595,13.372802
518,3.733411,10.026023
519,3.1896753,8.460933
520,6.632921,10.053145
521,8.909225,9.433778
522,4.369236,6.067659
523,5.046485,5.460058
524,9.150928,8.026539
525,10.924245,6.551347
526,9.139484,3.2003763
527,11.810878,6.231197
528,14.713943,6.0624113
529,18.33157,10.544937
530,21.52806,12.27477
531,25.113127,16.305405
532,28.484049,19.43638
533,30.144146,21.196814
534,24.100119,15.517454
535,26.685425,16.120325
536,22.680424,12.549044
537,19.954447,10.206135
538,18.52313,10.455441
539,14.543553,5.2986884
540,15.283698,10.653011
541,18.824913,13.556794
542,19.306538,15.316645
543,20.849922,17.864859
544,18.39071,15.287134
545,14.979622,10.620574
546,17.79942,17.40203
547,18.790085,19.101921
548,14.965204,14.325573
549,13.738977,15.828814
550,17.359781,19.85456
551,18.744099,20.928112
552,15.528749,17.032488
553,9.747279,12.465704
554,15.677912,19.599215
555,16.847372,21.37137
556,13.137299,17.538677
557,9.975908,15.105576
558,5.6940174,11.755504
559,10.615708,11.855086
560,12.094875,12.713427
561,12.733426,9.445801
562,15.583796,13.954025
563,14.474109,16.02171
564,15.613322,12.241373
565,18.821062,13.652432
566,20.993673,18.794872
567,19.897482,20.270023
568,19.847355,17.39562
569,19.181307,14.474233
570,24.31375,20.733892
571,25.710665,23.267122
572,23.448896,22.54999
573,22.760357,18.219976
574,28.066404,23.731556
575,25.480984,19.320435
576,26.775772,21.413944
577,25.569801,18.190811
578,21.97466,14.460898
579,19.540667,11.188443
580,15.263781,7.796953
581,13.158598,3.425515
582,9.371511,3.5502596
583,9.955923,4.90588
584,8.813765,3.2345424
585,9.362681,7.8369365
586,5.795661,7.357542
587,6.4161563,8.310763
588,3.307093,3.889185
589,4.22159,7.610831
590,6.0497484,10.872551
591,9.237565,14.489966
592,9.246586,15.746744
593,9.643069,13.727357
594,12.5070915,18.142498
595,13.30313,19.143658
596,11.345326,14.220777
597,15.99674,16.615797
598,17.960882,20.655163
599,15.239257,20.31204
600,18.178232,15.963609
601,21.118313,21.251621
602,23.145023,23.889786
603,22.936922,25.838995
604,21.335955,25.532728
605,24.253954,28.4953
606,22.448872,23.533165
607,18.349556,21.783997
608,20.081913,24.777018
609,22.232214,25.620108
610,19.84499,24.96462
611,24.273296,25.484787
612,20.885384,21.72936
613,17.476389,19.443516
614,19.725655,18.60495
615,20.195877,18.114693
616,16.749191,15.783919
617,13.23057,13.75393
618,18.023111,13.964568
619,17.333189,12.975987
620,12.409677,9.91222
621,14.929087,9.095371
622,16.66723,9.755692
623,15.756029,7.1202683
624,12.339359,4.96556
625,12.972183,6.703376
626,12.592288,6.3682227
627,7.7914968,3.755537
628,8.150808,7.5268345
629,11.726154,9.347752
630,10.285232,11.287274
631,10.754267,11.764898
632,14.6651535,9.0365305
633,17.068974,14.431893
634,17.905998,16.676817
635,17.404339,14.44872
636,20.917383,15.356294
637,22.812983,19.585938
638,25.268406,21.389126
639,23.515255,19.352749
640,27.22284,23.28863
641,30.090086,25.828234
642,26.379292,24.678707
643,23.949123,21.360088
644,28.507233,23.619247
645,26.116873,22.207832
646,26.130323,21.007696
647,24.199945,19.216993
648,22.383343,17.444092
649,21.30908,16.649591
650,20.701939,15.202305
651,19.45721,13.350028
652,17.194366,11.245239
653,17.641958,10.175825
654,11.788473,10.007523
655,11.853739,6.3798037
656,10.805383,5.261245
657,9.165792,3.150315
658,8.940156,3.3565931
659,5.623164,3.084472
660,4.074628,5.1468925
661,3.1593525,3.3485286
662,4.1545544,8.841699
663,8.65749,10.919385
664,11.605362,13.103275
665,13.082526,15.549124
666,7.5955086,13.836657
667,8.010281,14.04172
668,12.5655,18.213062
669,15.042725,19.63423
670,13.775637,16.300547
671,17.852278,18.38336
672,18.01854,15.065233
673,20.500553,18.4546
674,22.306702,18.848835
675,19.862093,16.655458
676,20.8769,20.152227
677,17.25906,16.482185
678,14.3049345,15.927595
679,9.522142,12.120497
680,10.682206,15.200328
681,13.985324,15.731234
682,13.466762,12.04039
683,8.058497,9.752087
684,13.516153,14.104783
685,16.131952,14.278425
686,16.247608,10.533783
687,19.6837,12.560403
688,18.867989,9.987001
689,16.595058,9.060732
690,12.641871,6.0735197
691,11.34963,7.1994433
692,6.253855,2.9038897
693,4.009487,7.0198298
694,3.3427527,3.7587907
695,8.042241,2.897257
696,9.819639,6.444827
697,6.7984085,6.487029
698,5.9019804,3.0825799
699,12.242479,6.203954
700,15.313206,8.11737
701,17.772425,10.745458
702,14.987386,11.102882
703,15.894085,13.2275715
704,12.592389,11.548633
705,11.760244,7.042225
706,14.877849,11.726308
707,15.10055,14.169398
708,9.481547,11.344844
709,12.070281,10.362283
710,15.170447,15.893201
719,4.9265704,15.373347
720,6.649688,14.208856
721,2.2900155,13.981153
722,7.076054,11.88315
723,8.223797,9.687913
724,3.8955443,9.893075
725,4.394927,8.203382
726,6.619621,6.3388004
727,5.0230513,5.8254023
728,6.042213,3.639631
729,3.9770021,5.7835875
730,4.5471087,8.808296
731,2.5262332,10.367111
732,4.5435667,11.757959
733,5.8599005,10.16008
734,2.8701413,7.1105037
735,3.0465252,13.338094
736,5.4591913,15.684616
737,6.0465736,10.221738
738,3.877025,15.13366
739,2.9259355,17.870022
740,7.7345843,16.212862
741,7.8540206,15.920588
742,2.5990977,20.049395
743,6.2246933,21.867836
744,8.456583,20.475296
745,5.7546854,22.033188
746,4.3841662,24.337915
747,8.641033,25.615223
748,10.170116,25.438381
749,4.1390243,28.909302
750,7.1645985,29.499565
751,9.069377,31.350473
752,8.993628,33.347736
753,3.365808,30.5358
754,12.145419,29.211924
755,13.263575,25.774664
756,15.455413,25.393929
757,19.563293,24.83606
758,18.743105,22.58827
759,15.525572,18.432085
760,16.595549,17.731117
761,13.304291,13.400789
762,14.981962,13.343439
763,11.818626,8.672512
764,12.933403,10.336269
765,11.559607,9.827932
776,7.6283593,4.8221583
777,11.184453,4.9409704
778,10.9807,2.3126767
779,5.397749,8.088159
780,9.2445345,9.885734
781,11.614442,9.557673
782,10.394136,4.649086
783,5.9746275,10.9594345
784,11.079318,13.27673
785,13.5223,9.646041
786,9.925621,7.451779
787,11.878741,13.970484
788,14.199751,16.158316
789,16.235243,11.422904
790,11.603709,15.5099
791,13.5831,18.505514
792,17.340693,19.944157
793,18.85931,20.32871
794,21.883512,21.51473
795,19.993357,20.61531
796,17.98678,15.280803
797,23.350721,19.270773
798,25.426039,21.664125
799,22.02519,18.974422
800,22.31375,17.159756
801,18.980436,13.558669
802,18.08937,11.676021
803,15.702039,7.8079824
804,17.785606,6.9813623
805,17.933346,10.512569
806,13.935701,10.651461
807,13.426052,4.880059
808,16.557068,11.4605465
809,15.515048,14.04078
810,18.091967,16.778511
811,17.030525,15.972814
812,8.263588,13.7262
813,14.069136,17.14071
814,17.116915,19.59232
815,15.374586,17.649416
816,10.639123,17.226154
817,14.72026,19.08378
818,16.108234,22.85251
819,18.908041,24.142595
820,19.011068,24.031282
821,19.073544,22.852423
822,12.585065,16.64879
823,18.063757,16.367022
824,21.443012,23.056864
825,21.295826,24.619968
826,22.584227,26.930653
827,24.174694,29.407377
828,21.62858,25.548431
829,25.919493,25.146143
830,23.518276,22.110102
831,27.397633,24.437021
832,27.29807,24.860638
833,22.01345,20.741451
834,26.62249,22.692282
835,28.03142,25.074419
836,24.807955,24.369734
837,21.511475,22.483908
838,17.74856,18.318523
839,16.976976,16.335897
840,16.931185,13.850665
841,13.010261,11.437763
842,14.527379,8.010897
843,18.553764,11.469384
844,18.476223,12.49317
845,18.445229,12.897625
846,15.537505,9.304611
847,12.8724575,5.798291
848,14.313027,7.9239855
849,9.756371,6.7318997
850,12.366108,9.851025
851,8.390799,8.790125
852,9.389755,12.250998
853,4.998911,7.827019
854,10.1813,10.048471
855,12.519734,13.149185
856,14.788288,16.18441
857,17.714079,20.04331
858,20.783325,22.119278
859,23.944668,25.472763
860,25.017523,23.931835
861,24.385256,21.53613
862,26.59295,23.36999
863,23.635546,21.77818
864,19.81808,14.846496
865,24.565933,20.33116
866,23.749096,18.15878
867,23.994047,16.751219
868,22.53118,14.721451
869,19.185776,11.611867
870,15.820616,9.823255
871,17.561298,13.445567
872,20.201641,16.25776
873,21.038944,15.26674
874,22.503004,18.694544
875,19.250078,18.217295
876,16.732046,14.058228
877,19.819265,17.89162
878,20.105501,20.53096
879,15.69788,18.787313
880,13.61364,14.832781
881,13.971674,18.996937
882,12.776623,19.153927
883,9.57679,14.736388
884,8.85819,12.811012
885,10.382657,18.150415
886,7.816453,15.839822
887,4.0302653,11.024594
888,7.43458,15.183323
889,8.28079,16.196547
890,3.8226824,12.7034445
891,7.6360116,15.6937275
892,4.6906295,12.1799345
893,3.5101902,8.186123
894,2.6483667,6.0589037
895,5.4801216,4.507907
896,7.764559,8.33687
897,7.6842103,9.273857
898,4.562296,5.7304883
899,9.456447,5.1560745
900,11.718599,9.671264
901,10.763281,9.596474
902,11.633408,3.027961
903,15.726856,10.189559
904,13.790958,10.593237
905,9.560726,6.0464683
906,17.917273,9.874955
907,16.551882,7.3408732
908,16.18471,8.163158
909,15.621882,7.870277
910,14.607215,11.303588
911,11.291927,8.604354
912,13.004049,5.6429005
913,13.581309,10.079558
914,10.639059,11.106106
915,9.614888,8.549658
916,11.539236,4.6218514
917,11.881029,10.610841
918,5.7646756,11.158581
919,5.1884456,6.5988874
920,11.414681,10.089847
921,10.465755,11.797687
922,6.0247583,8.791871
923,5.1758924,7.051048
924,4.058387,4.1880865
925,6.1754336,3.4159336
926,3.9561214,2.7404382
927,9.015681,4.7014704
928,9.303624,6.714827
929,2.6632402,6.36111
930,7.1744895,3.1089413
931,10.265869,9.328461
932,10.027153,11.662786
933,8.153589,9.370899
934,9.578358,10.936369
935,13.131505,14.555044
936,12.04454,15.998892
937,12.954695,14.942946
938,5.6341977,17.739935
939,12.256206,20.008135
940,14.936728,20.655258
941,12.739386,22.485897
942,15.471166,23.42755
943,16.409908,20.128267
944,19.027643,21.917482
945,22.920897,23.831911
946,19.357063,19.426441
947,17.572933,19.004013
948,16.016537,16.893488
949,13.544067,19.261196
950,17.105116,22.105297
951,10.180115,16.992628
952,17.31126,24.753935
953,15.551709,21.417295
954,15.28615,20.196978
955,12.401151,16.00329
956,12.75568,15.653792
957,9.078648,11.551318
958,12.333276,13.057631
959,9.760286,7.5102835
960,15.280205,13.828631
961,16.600033,14.190486
962,14.815626,16.708122
963,19.110481,19.09023
964,20.961626,18.27169
965,19.64599,17.788069
966,22.704666,22.003006
967,22.744534,22.00746
968,25.417652,20.716244
969,24.499645,23.974268
970,26.193068,27.285088
971,30.36887,28.047897
972,27.34568,24.553476
973,26.591099,22.36549
974,22.272333,18.172634
975,23.39783,16.069918
976,20.879322,12.6098
977,22.790823,10.707651
978,22.088135,14.414272
979,18.650927,14.095846
980,15.058609,11.446491
981,17.270035,16.70406
982,18.192518,14.432979
983,14.69065,13.32669
984,15.534365,19.435448
985,18.192524,21.793377
986,19.374918,19.666769
987,16.344896,21.77676
988,19.035887,23.966976
989,21.427132,22.84684
990,18.39707,18.374577
991,20.760353,22.099628
992,21.728643,24.465433
993,18.79867,21.698109
994,17.497103,21.135319
995,19.183008,23.155375
996,19.90642,25.269594
997,15.354594,19.673347
998,15.303064,21.31271
999,19.019407,25.733984
1000,18.539495,26.904562
1001,14.4444475,23.191229
1002,13.786744,21.485188
1003,10.651683,18.387224
1004,10.124759,19.003729
1005,9.641732,17.8235
1006,6.628086,14.728063
1007,4.8399086,13.789691
1008,8.783425,15.621806
1009,8.30517,15.936824
1010,6.550044,11.767022
1011,6.12588,13.335589
1012,4.465453,9.031767
1030,17.087185,17.638058
1031,13.539954,17.470411
1032,13.763494,14.203744
1033,15.74129,16.853354
1034,14.532725,19.236097
1035,7.053023,13.208015
1036,13.481597,14.555229
1037,16.063566,18.447252
1038,11.740046,19.4766
1039,7.522459,15.788878
1040,15.274102,17.94453
1041,17.478025,20.549833
1042,14.506618,19.435143
1043,18.122004,20.9061
1044,21.005987,25.048058
1045,19.888191,25.04947
1046,22.056139,25.259382
1047,25.074648,25.997923
1048,29.557768,32.952557
1049,29.722162,31.914528
1050,25.298864,28.3469
1059,29.097286,34.166428
1060,22.869322,29.65272
1061,29.355644,35.799202
1062,31.313538,36.48067
1063,29.4287,35.875275
1064,25.14557,31.661161
1065,24.370445,32.633743
1066,20.526968,28.469769
1067,23.538681,31.393316
1068,20.401371,26.749186
1069,23.173512,30.445393
1070,26.485357,33.90182
1071,23.804663,31.310427
1072,26.834572,33.208477
1073,23.239681,30.407251
1074,26.278294,30.072903
1075,29.435514,34.310837
1076,27.945797,32.719414
1077,33.827675,37.695408
1078,29.342678,36.99832
1079,28.63989,33.541878
1080,28.780039,30.649614
1081,28.052176,34.51322
1082,25.221058,32.743126
1083,26.381514,30.070448
1084,27.137491,29.923164
1085,23.76196,29.743244
1086,22.026703,26.93934
1087,23.661695,24.92555
1088,24.697023,26.704672
1089,18.97526,24.48004
1090,20.280745,22.575506
1091,14.206386,23.664825
1092,14.813151,20.217894
1093,11.004977,19.567245
1094,10.419273,14.961768
1095,6.267263,14.720202
1096,5.1620374,8.022576
1097,2.34203,10.832661
1098,1.9977485,11.855497
1099,3.4115696,9.84227
1100,2.9093447,11.100144
1101,4.531729,6.6502814
1102,2.3449774,11.130353
1103,3.184582,10.593299
1104,3.249874,8.440859
1105,3.1837173,8.625017
1106,4.519047,4.7058907
1107,6.0665174,2.8211432
1108,2.954011,2.726904
1109,3.491759,2.5684009
1110,2.5871313,6.054513
1111,3.5865514,6.586795
1112,3.2655709,9.282283
1113,3.2103138,9.477706
1114,6.5210443,2.4539478
1115,9.388831,5.747062
1116,11.94714,2.62969
1117,13.011275,5.8153095
1118,11.606761,3.4285944
1119,7.892769,6.0503836
1120,6.2956004,5.9711723
1121,4.465397,10.7135935
1122,2.7733643,8.969053
1123,2.6109533,13.660025
1124,2.7544162,17.15278
1125,5.126126,18.784145
1126,3.070478,13.523068
1127,6.2780056,13.122592
1128,5.9551315,10.417153
1129,7.3106747,10.628719
1130,3.840648,13.402783
1131,2.642834,13.592286
1132,3.2626398,11.340774
1133,4.0909853,8.680149
1134,3.4565916,6.48158
1135,9.637579,3.1970127
1136,9.201045,3.089601
1137,9.628136,3.2615895
1138,7.613521,5.933495
1139,9.01274,3.6918652
1140,7.145805,7.790867
1141,7.5244303,8.965589
1142,9.428426,7.386763
1143,10.072957,11.095923
1144,8.83301,14.094491
1145,11.334413,15.367714
1146,11.328608,18.013855
1147,15.50722,17.323751
1148,18.836283,17.904684
1149,21.060564,14.304286
1150,23.466848,15.872828
1151,25.244068,10.953633
1152,28.156399,16.893963
1153,29.32734,19.98509
1154,30.26689,21.944946
1155,23.734945,20.9754
1156,27.492504,18.68293
1157,24.736322,18.736387
1158,22.330648,11.302654
1159,20.334099,13.92173
1160,16.364372,12.060771
1161,13.605142,11.721172
1162,13.52441,11.237359
1163,12.077352,9.673434
1164,12.772263,9.0680485
1165,11.511659,7.104945
1166,7.98311,8.587074
1167,6.7964253,7.867008
1168,3.691922,9.77609
1169,2.8574533,11.635671
1170,3.8154795,10.313786
1171,4.3523903,13.767296
1172,2.9067693,16.587685
1173,2.9946725,17.775715
1174,5.197555,15.46412
1175,7.1301856,16.789467
1176,6.3843317,20.903168
1177,9.271017,21.03389
1178,10.905327,19.384026
1179,13.006882,21.464756
1180,11.606508,20.44871
1181,6.49266,14.137963
1182,11.856108,15.942054
1183,14.136608,19.75108
1184,11.893967,16.929565
1185,10.354214,11.263463
1186,15.898041,17.083166
1187,15.869139,13.900585
1188,18.836193,20.388432
1189,16.768648,22.907444
1190,13.535629,20.68326
1191,10.525702,22.47299
1192,8.393952,22.45321
1193,6.4287167,23.742214
1194,7.0442796,19.891367
1195,4.641102,17.867434
1196,4.314063,15.02096
1197,4.766697,14.52705
1198,6.7303414,10.373844
1199,5.0417404,10.178331
1200,6.9132476,2.5457158
1201,7.5726924,4.650366
1202,6.7636743,10.516803
1203,8.555438,12.988235
1204,10.48774,13.023018
1205,13.60729,16.58496
1206,16.854595,11.9469185
1207,19.829243,12.793702
1208,21.131968,17.67166
1209,18.090126,18.412525
1210,17.684078,10.13823
1211,13.2414665,12.589047
1212,13.1046295,10.448423
1213,10.206285,7.444359
1214,10.560139,6.8721304
1215,12.595209,3.6419225
1216,13.7637825,2.32566
1217,15.258132,4.67321
1218,17.70806,5.3460364
1219,16.480867,3.2983785
1220,15.775667,5.851744
1221,13.304009,2.6410089
1222,14.873511,7.763149
1223,14.555016,10.735515
1224,16.193777,13.006572
1225,16.056507,12.975206
1226,20.468348,16.248865
1227,22.523855,19.383528
1228,24.692682,20.679953
1229,27.724598,23.892017
1230,27.665707,25.887974
1231,31.127024,26.964705
1232,30.89771,23.418459
1233,26.966877,21.500246
1234,30.281967,24.344858
1235,33.281437,24.564547
1236,30.53032,20.012651
1237,29.392254,20.928883
1238,34.2221,23.910107
1239,36.028908,23.163671
1240,32.601875,19.57928
1241,28.801723,18.839645
1253,39.01494,33.90646
1254,38.90316,34.20221
1255,33.654907,30.060493
1256,40.839428,30.570684
1257,43.590496,33.78768
1258,37.71915,30.01117
1259,39.765617,28.495934
1260,43.377323,32.033733
1261,43.683887,34.11814
1262,39.753838,30.12903
1263,40.48727,29.50536
1264,39.083168,29.351053
1265,35.789585,26.536205
1266,35.88652,24.851728
1267,36.403633,24.998718
1268,33.666027,25.525137
1269,31.39301,21.773458
1270,32.612034,20.269484
1271,31.992153,21.175047
1272,28.769754,20.526724
1273,28.29407,17.427103
1274,29.985985,16.492472
1275,28.146833,17.311258
1276,21.469572,15.827146
1277,26.562834,12.575155
1278,27.971693,13.337768
1279,21.920454,14.819948
1280,21.193672,12.646493
1281,22.107561,9.569097
1282,24.894388,6.699985
1283,27.351723,7.533616
1284,30.347486,6.5702395
1285,32.590614,6.5763035
1286,29.524202,6.257596
1287,31.181551,10.44477
1288,34.18796,11.628409
1289,33.40708,5.457844
1290,31.652317,12.439184
1291,35.481308,15.005557
1292,38.32526,14.712192
1293,37.459656,15.331498
1294,37.535355,17.825954
1295,40.400223,19.740099
1296,42.2371,16.984592
1297,40.040497,19.132395
1298,41.13409,22.270784
1299,45.43355,26.64536
1300,39.822426,22.515661
1301,40.32686,25.002604
1302,39.004013,24.150208
1303,35.53599,21.535915
1304,35.856262,19.896727
1305,36.034264,20.590885
1306,33.3237,18.829874
1307,32.107235,15.818274
1308,32.429806,16.281372
1309,30.194338,16.819607
1310,28.017033,13.652386
1311,28.183752,11.99446
1312,27.363834,13.855431
1313,23.529596,11.535847
1314,22.87471,7.960946
1315,23.40845,10.832262
1316,20.650045,11.751208
1317,18.673239,8.937858
1318,12.849882,7.3471527
1319,14.9819355,5.976723
1320,16.29342,3.4606793
1321,19.408503,4.896335
1322,21.857986,4.764254
1323,23.528395,6.1710396
1324,26.743652,9.348632
1325,29.493095,11.138624
1326,32.926205,14.567176
1327,34.569363,15.994718
1328,34.34872,13.552041
1329,32.716965,12.324591
1330,28.366346,8.850908
1331,27.443512,8.350773
1332,26.22478,3.580035
1333,18.246431,2.7157261
1334,23.749378,3.1512427
1335,17.816696,2.5924716
1336,20.079916,7.0274615
1337,22.642345,3.5989096
1338,19.93482,3.6672163
1339,17.105255,6.6473374
1340,17.871424,4.0763345
1341,16.723194,7.782972
1342,13.316566,10.217549
1343,13.586059,10.809012
1344,14.545979,12.351763
1345,11.908546,14.322693
1346,10.486012,17.141624
1347,6.417489,16.689274
1348,6.2253003,17.270155
1349,3.1644957,18.709785
1350,3.0987427,16.021812
1351,2.6983547,19.641157
1352,3.5058155,19.842115
1353,6.105328,21.709845
1354,7.234685,21.23607
1355,5.9411516,23.649717
1356,3.3515687,23.15291
1357,3.1692502,21.8019
1358,3.326156,22.051664
1359,6.5551305,21.884647
1360,3.9897957,20.539865
1361,8.716182,19.594
1362,8.130479,16.925543
1363,11.798473,19.179243
1364,8.898533,18.118414
