site,anm_msf
1,
2,
3,
4,0.3380235873219173
5,0.26122972578428283
6,0.2164239957815996
7,0.17214087016635948
8,0.12859740890874943
9,0.11677097118162126
10,0.09810294301743386
11,0.11706163871188335
12,0.11016529211023421
13,0.1261567370353126
14,0.09771929162895386
15,0.07962441474763951
16,0.0872693888265352
17,0.07555250193102109
18,0.09656767337428872
19,0.1131982291467033
20,0.15827312901500235
21,0.17849571594968042
22,0.237102074434401
23,0.2724625335323128
24,0.2483572114902681
25,0.18890270385681096
26,0.19698131597105786
27,0.1724731118715569
28,0.21949783536263529
29,0.22972144358062574
30,0.2679416731888211
31,0.3065598416791192
32,0.2862589994372095
33,0.338484405609716
34,0.30786197314783825
35,0.344847696763126
36,0.36105831014818585
37,0.42221104633582635
38,0.3941692431651348
39,0.44144381752984097
40,0.38175156394323495
41,0.4094714463545983
42,0.33834506903307804
43,0.2725887539545187
44,0.25422545694221504
45,0.18910352802329192
46,0.1637908718828808
47,0.1490479277649516
48,0.105692721521508
49,0.08147268246126826
50,0.06827050705534735
51,0.07527304524891609
52,0.0711827397504613
53,0.09033900693101052
54,0.11076074029593405
55,0.1395908789219794
56,0.1829170044201598
57,0.22870592303880963
58,0.28580118505108076
59,0.270793875145025
60,0.2712732727177314
61,0.2365334335961886
62,0.2206456346973485
63,0.17531241408366147
64,0.17129335053107514
65,0.20020506567252494
66,0.1370832065199215
67,0.09837023942028923
68,0.09841295517417874
69,0.11160916712005102
70,0.09759285223490774
71,0.07752002618616696
72,0.09105802588125185
73,0.1033270613116379
74,0.08697710877889712
75,0.07470209297759679
76,0.09084128217179373
77,0.09804741606632046
78,0.07916463801741841
79,0.08254003545997046
80,0.10539655521545646
81,0.1049288303587204
82,0.09165853388612105
83,0.10827840284056073
84,0.1333241639224104
85,0.12602132462263155
86,0.12138846574075075
87,0.14662952974989876
88,0.177014364152463
89,0.15909532939828075
90,0.14086369743638474
91,0.17319736744826147
92,0.1845845725320478
93,0.15698129530141658
94,0.15205616785739462
95,0.17640709731481793
96,0.161326489656475
97,0.12987735344725745
98,0.12531844467631786
99,0.14917472231749304
100,0.14042993774103776
101,0.11733639487885388
102,0.12796198745756523
103,0.15385601980242133
104,0.14205975702032042
105,0.16108162983837943
106,0.18478613070901226
107,0.2040008537541556
108,0.22431503231307715
109,0.2517338426466495
110,0.21774809948721538
111,0.20354070277816805
112,0.21213819704374878
113,0.19075039814070557
114,0.18300581719938253
115,0.17482920317773193
116,0.15012203453956793
117,0.1265985196376785
118,0.11263927795349006
119,0.1295490606462891
120,0.14947595661370508
121,0.16426160984540436
122,0.18057901369273022
123,0.18444422054144297
124,0.15308019147793428
125,0.14505487101750797
126,0.1768524620681731
127,0.16890722169912115
128,0.13817150843711853
129,0.15394684161151442
130,0.19103765559183944
131,0.15833819058127563
132,0.13221204427634245
133,0.14845687985364137
134,0.11408515040966585
135,0.08734704418113529
136,0.08112167815586394
137,0.1035676224862456
138,0.09087840034307407
139,0.07286777324441213
140,0.08367071752119043
141,0.10128614602320461
142,0.08894796098834835
143,0.08290575040009933
144,0.10361837437145457
145,0.12250195029895375
146,0.13635183424428032
147,0.1437733663881385
148,0.13824144074087893
149,0.11815000677004786
150,0.11790628029098678
151,0.11030796149428226
152,0.10146442802550099
153,0.09207733002610952
154,0.08467739372455588
155,0.0819991800385068
156,0.0764911352157201
157,0.06700631345627453
158,0.06319664147252445
159,0.06536873704884467
160,0.0607668855747944
161,0.051261676942027816
162,0.054244366365602655
163,0.0588503359855994
164,0.052934478587939135
165,0.04621899610368328
166,0.046036173911821784
167,0.04928336394455784
168,0.04959544098252526
169,0.0532125507395311
170,0.0526823002801748
171,0.058416107048283455
172,0.058049791184455024
173,0.05712138835797172
174,0.053060963460654045
175,0.0606855756943812
176,0.060676793446441925
177,0.07507966352958584
178,0.08046921811189571
179,0.09984533190692363
180,0.11149686118115902
181,0.10590545815808085
182,0.13453595198829088
183,0.14693855352689938
184,0.12442321673994722
185,0.1288770872621452
186,0.16164461433068167
187,0.15831204312540798
188,0.14164995068319516
189,0.16667403499253666
190,0.19335421265111752
191,0.1848714174529929
192,0.17954897405157969
193,0.21879420521505252
194,0.23606816979775605
195,0.21795220337617655
196,0.23605850302888493
197,0.28472183902327397
198,0.31017221189109356
199,0.27059911513228746
200,0.2464720146483641
201,0.21591622098737068
202,0.23139856339462556
203,0.20455303222151228
204,0.22913811125381056
205,0.21515003982404515
206,0.18126717098109088
207,0.1583844812737052
208,0.13087877802269737
209,0.11562836583093017
210,0.12371431186107854
211,0.12295191869220293
212,0.09943104077149889
213,0.08918483310417245
214,0.1026239235840242
215,0.10256198424136252
216,0.11279633736551692
217,0.10601274846692395
218,0.09043437731878877
219,0.11126272087520941
220,0.12682256130934305
221,0.11440839658040627
222,0.11651635282612267
223,0.13859993991586525
224,0.15185939289589379
225,0.14237511992449123
226,0.16056269518359667
227,0.1860510602827259
228,0.19138893286863518
229,0.19786168489611589
230,0.23640369858474086
231,0.2403471687645195
232,0.19812379059101853
233,0.17861179896644588
234,0.13911351373087705
235,0.13779760301218036
236,0.15847273437542242
237,0.14835632966942874
238,0.14353406650616957
239,0.13129697453827183
240,0.11402132738551331
241,0.109673621549996
242,0.10521423005794614
243,0.09419619755012333
244,0.08449511983053146
245,0.0814014156578679
246,0.07684662343581174
247,0.06823458184708031
248,0.08107318355650317
249,0.08670793974497337
250,0.0961979042530329
251,0.10596578035869084
252,0.12276291081828544
253,0.13641627973254677
254,0.1550261830725307
255,0.16338034099406717
256,0.16930938271935916
257,0.18645116233307962
258,0.16850293137539
259,0.1522985720634422
260,0.1245089602522578
261,0.12060150873810838
262,0.11642813438640552
263,0.10013556099651867
264,0.08789791105830039
265,0.07455194401813754
266,0.06919155314226756
267,0.06150932132880738
268,0.06806150799573334
269,0.08428212306987894
270,0.09125510391780917
271,0.08817546822869518
272,0.10166424844588957
273,0.11090968499988199
274,0.1055677783836031
275,0.10906281190026335
276,0.12434521695795608
277,0.12815587765694875
278,0.1316033270233927
279,0.1439771959859681
280,0.16254218179325658
281,0.1683100081391905
282,0.17258211370935952
283,0.1892017190306484
284,0.17795087254288922
285,0.19597196194103944
286,0.16197046527951398
287,0.1463406218980727
288,0.1520092356999166
289,0.1395560186017111
290,0.11285831128890332
291,0.11541064565633458
292,0.1192649522705837
293,0.09986956832543442
294,0.08604091102677813
295,0.09414216387237224
296,0.09203037504534213
297,0.07442874553065118
298,0.06894495503936351
299,0.07461731125678711
300,0.07082483758747879
301,0.059078197496982225
302,0.05530958354431334
303,0.06719289568206506
304,0.06981960084093877
305,0.0612894739572858
306,0.0643932538938311
307,0.08144064348826617
308,0.08876628372528164
309,0.09423612034747426
310,0.08439818264838814
311,0.10804621093170855
312,0.117386178209158
313,0.09494889371610231
314,0.07821392270955362
315,0.06783330719557991
316,0.06803795883004138
317,0.059824439545018024
318,0.06980304180543696
319,0.08724978673341613
320,0.08463679539250016
321,0.08973331368031193
322,0.11416495247601405
323,0.12500003503908097
324,0.1286885506624867
325,0.15480440504359594
326,0.19336761703372873
327,0.1987980374453242
328,0.21695385766799408
329,0.27041297495379196
330,0.30611719715485874
331,0.3018446710937149
332,0.3464883984228548
333,0.421357530587883
334,0.4253208527846517
335,0.4363104030157708
336,0.519127910521034
337,0.5778517247373849
338,0.5719368847859613
339,0.629849549655637
340,0.7252622118155677
341,0.758524044206695
342,0.7623232534460409
343,0.7896604627435365
344,0.8416695201672082
345,0.9338120848216951
346,0.7938169458886275
347,0.7201494248689657
348,0.7819046576130264
349,0.734052907611996
350,0.5918407619311443
351,0.5593701156109179
352,0.6470244796191766
353,0.6808332074696068
354,0.5821361223454656
355,0.6549824946012608
356,0.6410035256510516
357,0.5056058127956018
358,0.4937368629996922
359,0.4154058746029788
360,0.47180488745332694
361,0.46771800578747236
362,0.3559051269290295
363,0.3294551919633254
364,0.37660376257630934
365,0.417402565437868
366,0.3775572557736363
367,0.3908538070133579
368,0.3059407391388286
369,0.25124068648463943
370,0.29804568817239496
371,0.3914388715331073
372,0.3700114091057034
373,0.33210308635353336
374,0.4191380075169507
375,0.49004308968684185
376,0.4562892187598833
377,0.4327672425244484
378,0.5485167709712994
379,0.5603211929134401
380,0.46515666004699585
381,0.49312355487778414
382,0.6186370084533526
383,0.5975647265964552
384,0.5723074434482125
385,
386,0.4147658465591737
387,0.372978803063683
388,0.2944928948862021
389,0.29599830224982315
390,0.30332614106563416
391,0.24081684773987477
392,0.2051308067141913
393,0.23864604008559925
394,0.2253046297685241
395,0.16171708833930637
396,0.17390409565807696
397,0.15868902115570915
398,0.21151705072399568
399,0.21717347309785176
400,0.1625861593660687
401,0.14694922790236514
402,0.10421550869381375
403,0.10173562628109074
404,0.11258388548138173
405,0.12760005847943323
406,0.10278997279595911
407,0.07320279338195346
408,0.06924307764578728
409,0.05816084656554013
410,0.048293363621719404
411,0.04359992981096788
412,0.042355799768579575
413,0.04444732021351855
414,0.044305560475174685
415,0.04466355737991991
416,0.04907212896350213
417,0.054118512241567995
418,0.05690664041110595
419,0.05875562331983076
420,0.07094961998133226
421,0.0773469080093739
422,0.07870077769762307
423,0.08839565465884522
424,0.1067053730137476
425,0.10964501490776879
426,0.11435915860296066
427,0.13067201367879927
428,0.15713477930949626
429,0.156890450273835
430,0.14970877796529714
431,0.17297509170403347
432,0.15536571567797705
433,0.12379595023410392
434,0.14423426128833058
435,0.16225036535480394
436,0.1298400725871069
437,0.10708868543843666
438,0.10810252258745079
439,0.10727018424691317
440,0.08441137093771019
441,0.07301204194143783
442,0.07985871209973015
443,0.07262989351251292
444,0.05591645197592858
445,0.0593937892025351
446,0.07010130857177786
447,0.06553172799098637
448,0.08526039811489053
449,0.08433198789548871
450,0.0933349029948471
451,0.12033625281058552
452,0.1292329307516244
453,0.13463689884447644
454,0.14832441791202688
455,0.1675384301716215
456,0.2207406078234078
457,0.2783643696842413
458,0.32332221906589353
459,0.3353030812003276
460,0.2741092639011514
461,0.28437048604146337
462,0.22262842335836497
463,0.21467561394858098
464,0.21806251082467293
465,0.19171413799456816
466,0.22433910413781
467,0.23695096120214826
468,0.2438609396720549
469,0.275464669779274
470,0.2990372813664976
471,0.26355004584734043
472,0.22877325990560182
473,0.17603170367742899
474,0.13982161619988195
475,0.10892416892082732
476,0.12998061863646881
477,0.16255088011051022
478,0.14036304528559113
479,0.14327341590774362
480,0.187369861485691
481,0.20350068769888024
482,0.17747041619919413
483,0.18461964269303469
484,0.14232344200740066
485,0.14910871205387727
486,0.18284832826359013
487,0.1651871816440506
488,0.1399528187092997
489,0.1664861000392906
490,0.1960606719865693
491,0.17280840328048427
492,0.1849495970839336
493,0.22905514434543828
494,0.2680478035600514
495,0.2603004726169831
496,0.2985090551703922
497,0.3401469990653019
498,0.42411816885312736
499,0.4841216368023765
500,0.6499335751551026
501,0.7033097628384547
502,0.6303712907602377
503,0.6258883079924379
504,0.5546652408376653
505,0.4339625586536828
506,0.3255018746827373
507,0.30594300707227784
508,0.24295849808416023
509,0.19499926650008392
510,0.22515816531570898
511,0.1800331980492915
512,0.18230173532040145
513,0.19329247769857655
514,0.2440202977669299
515,0.2644516716911025
516,0.26123295460885787
517,0.29501311497614235
518,0.36363597676032533
519,0.388927648461885
520,0.3959342919140774
521,0.464971523248751
522,0.5442719265308683
523,0.5928051036977503
524,0.6064951481952184
525,0.6971348222747915
526,0.8452652127722127
527,0.8645142822319316
528,1.0586371874368579
529,1.1579013447232698
530,1.4063131377930604
531,1.528810360414627
532,1.8482332334334743
533,1.8757462000079188
534,1.7295592321162019
535,1.93565469488747
536,1.6807170677310324
537,1.4129862815527061
538,1.2184446979545382
539,1.007295014897594
540,0.843530515558281
541,0.8351871440260074
542,0.7054881535980523
543,0.7194776619349372
544,0.7207922969687701
545,0.5912940330710109
546,0.5097681450906116
547,0.568822744707602
548,0.5352718179392674
549,0.41016081356162565
550,0.39568305287910055
551,0.46416559632951826
552,0.44395780702037446
553,0.35264326546738217
554,0.29506688822992166
555,0.33650050032690426
556,0.3658116161468348
557,0.3012588031248308
558,0.40222235461823
559,0.5017220100312089
560,0.6725773362989629
561,0.8210492116418816
562,0.904918744079535
563,0.7284349238831894
564,0.7397977993475195
565,0.9415390011438342
566,0.9410949182059098
567,0.7605381925128003
568,0.7649526744493452
569,0.9512776646986715
570,1.0686259971598664
571,0.959330431057899
572,0.9247602680200444
573,1.0862953130648652
574,1.251957202038867
575,1.3080320256774882
576,1.4448614962391682
577,1.4447618082594103
578,1.3223065027508183
579,1.333762670670779
580,1.1237047327300833
581,1.1760200887266548
582,0.974794910991728
583,0.873015429039302
584,0.939003655807789
585,0.9020788918750721
586,0.706871827047873
587,0.5824003974617361
588,0.5467799403666942
589,0.41239730827672694
590,0.31889249108154655
591,0.24111441735628714
592,0.20743957338374355
593,0.16215213788334037
594,0.18188759078937577
595,0.18992324689255047
596,0.1528398217993988
597,0.14862448797045252
598,0.1861941558668411
599,0.1772252754947353
600,0.1525625900974812
601,0.182551279360436
602,0.22318642041582284
603,0.25334970080671304
604,0.2627379122019996
605,0.31123251628181614
606,0.2629376346869084
607,0.225615903396732
608,0.2837492092906394
609,0.31524385024751334
610,0.3336705251134849
611,0.3351859753572223
612,0.2564755675587951
613,0.24573348312510984
614,0.24653002643037641
615,0.20422344785865365
616,0.17197867205687783
617,0.17953823826130946
618,0.16778180027055623
619,0.13502429911851427
620,0.13005854815128715
621,0.14360775482327473
622,0.1228642223992267
623,0.1069115782533045
624,0.12590127705245854
625,0.1341359913535851
626,0.11015164227582108
627,0.09305976080620038
628,0.08798872115537865
629,0.08729519894486759
630,0.09527419141874041
631,0.1068979516479128
632,0.10328735115164717
633,0.11991765916878587
634,0.1379235033031327
635,0.13604123445933497
636,0.141525438160291
637,0.17558775540264876
638,0.2123502562371825
639,0.20391070888894897
640,0.21243508268913922
641,0.2769753176573445
642,0.25661176648113376
643,0.23312627472790523
644,0.2497129454323715
645,0.22327941098045206
646,0.18874525061329533
647,0.16823363285923873
648,0.1504344418096254
649,0.13140877563219305
650,0.11935700048024957
651,0.11298997915754865
652,0.09860526724228197
653,0.09176746562445798
654,0.10027606116205211
655,0.10023567238140416
656,0.12442407983590315
657,0.15266066694346783
658,0.20935953399913493
659,0.24065623072833597
660,0.3053145634723673
661,0.4065684044074015
662,0.4035031043903088
663,0.36496270140690373
664,0.33136366573041404
665,0.44626677024245087
666,0.5031291134539172
667,0.4282243047913368
668,0.43046492628762945
669,0.5034645972900622
670,0.651808866000103
671,0.7689076932438415
672,0.9263674646732872
673,1.1133222683224582
674,1.2095180034401924
675,1.0166421459463288
676,0.910434913535216
677,0.7560862078808759
678,0.6224199608502047
679,0.593814929799447
680,0.4849906556088978
681,0.5827180144686983
682,0.688845766262651
683,0.5915154604377786
684,0.560288696856455
685,0.7112968949344607
686,0.8568878223852796
687,0.9902302065353683
688,1.1414767197004867
689,1.0918075649348589
690,0.8977087243519073
691,0.8848559314409807
692,0.7995444284057264
693,0.6958871618496796
694,0.8582505778560489
695,0.9807422878068646
696,0.8684759581475299
697,0.8795001473656102
698,1.1063965093158965
699,1.1790824726506317
700,1.3735449296757907
701,1.3563307688409771
702,1.1275134398515414
703,1.0945754948808495
704,0.9083397880751012
705,1.03161889605031
706,1.1606699561338039
707,0.9797074220386371
708,0.8922936119770719
709,1.1065028046956957
710,1.0826994642382566
711,
712,
713,
714,
715,
716,
717,
718,
719,0.49614380599612257
720,0.3952478104715569
721,0.35969484384473294
722,0.4430027961328121
723,0.43906937320202694
724,0.34080965717055844
725,0.3569024534069706
726,0.3918144536634406
727,0.39211524991426916
728,0.3791979951465897
729,0.3145287325926916
730,0.2659300998384702
731,0.24769862481730576
732,0.18843853865014923
733,0.18613348806138177
734,0.2249844912830291
735,0.18057975308931815
736,0.14691836800131475
737,0.19513174913253117
738,0.21436987519688236
739,0.15769408626295395
740,0.15611612738881198
741,0.22078842829861106
742,0.2119917662012646
743,0.16351572718303642
744,0.20547737033594696
745,0.26601180209991543
746,0.23284519548922292
747,0.2131462226146531
748,0.28944003019437037
749,0.3238286690036851
750,0.27869106669395427
751,0.31245686724755994
752,0.4081452072533431
753,0.41988457269155216
754,0.4161871798735962
755,0.37419227565331825
756,0.30030642222708465
757,0.3203907623464752
758,0.26018271947084304
759,0.21752059952597913
760,0.17461012521846186
761,0.16049658581440926
762,0.13800404803044455
763,0.14815454922788146
764,0.13979220042366702
765,0.18047050962714659
766,
767,
768,
769,
770,
771,
772,
773,
774,
775,
776,0.4606550801661877
777,0.4604434146706215
778,0.4364040512469711
779,0.34210226007299277
780,0.304105733307883
781,0.3213496228564537
782,0.2718711514589937
783,0.2091629211656935
784,0.2132685772641834
785,0.21218359907141637
786,0.162730993612057
787,0.14439702425054088
788,0.16786310344716499
789,0.14771844115968724
790,0.12390779112976838
791,0.14440579208557403
792,0.155098766103283
793,0.21164691474642236
794,0.26636593235245154
795,0.3257935326966852
796,0.32395956353871436
797,0.3390892798650109
798,0.4565552728968767
799,0.47772114425780715
800,0.47622242737032616
801,0.4709106225587225
802,0.5270400222032064
803,0.49469377479603344
804,0.6036268062962522
805,0.5636187178243939
806,0.43258205884228157
807,0.5007472255962283
808,0.5121166305402279
809,0.4065046034255375
810,0.4175774520309586
811,0.42067303649899845
812,0.32678954013613803
813,0.2778884846120201
814,0.32251088751329604
815,0.2748702766588369
816,0.20556483212673937
817,0.21856177402610383
818,0.2414494377062809
819,0.3338901567627083
820,0.32983788353648547
821,0.3518335356000131
822,0.269718552242068
823,0.32208866094258043
824,0.41594452052142383
825,0.3917898289280567
826,0.4691532342093866
827,0.4633739099089609
828,0.48740475237537784
829,0.5963100787979536
830,0.5808455993704225
831,0.7547685026519866
832,0.7335051880927117
833,0.6048460433944638
834,0.7235502868141859
835,0.7321182483776338
836,0.5599321582550145
837,0.4666642078186841
838,0.36566824485502536
839,0.3092149809415016
840,0.2535609892100218
841,0.21334308386225564
842,0.2207658442831352
843,0.2597499410679483
844,0.2669598310688296
845,0.25247724037300556
846,0.2536604151421667
847,0.2512629555663155
848,0.25123245929630106
849,0.2529753517694563
850,0.284307034060682
851,0.2532361664570246
852,0.2185694607429659
853,0.17651886302095157
854,0.1947910477527364
855,0.22811282410234723
856,0.24358799194977904
857,0.3186265853235872
858,0.38118613165816917
859,0.515329327265313
860,0.5242409351034435
861,0.43258627841119934
862,0.5053297813644337
863,0.46583616770206343
864,0.3583562537413414
865,0.4149185693763437
866,0.3902041092916255
867,0.36803544929791476
868,0.31326972684782073
869,0.2767659452475259
870,0.24554659678583357
871,0.273811455739485
872,0.3390004310229426
873,0.36592063687346144
874,0.4269084933017801
875,0.34534756400684097
876,0.2919370029047918
877,0.36813115418307163
878,0.382082802228552
879,0.28545429260357713
880,0.2418558506241267
881,0.23669511892205924
882,0.2100655638326866
883,0.1689705894074149
884,0.1623340814629849
885,0.14808776715817867
886,0.13627460683712433
887,0.12304601440325859
888,0.12337292704981911
889,0.12026991179820976
890,0.12591096067515228
891,0.1397807884853061
892,0.13353502865920647
893,0.1356216201039168
894,0.14537060317282532
895,0.15756745584298842
896,0.14694413870212666
897,0.14726124206879143
898,0.1722182218252454
899,0.17728164588625162
900,0.1843567192016591
901,0.21197357662859465
902,0.23455270318380916
903,0.28339213885241726
904,0.3218830347076941
905,0.2815847329545555
906,0.33609809771181764
907,0.2800903098458059
908,0.2754728721124852
909,0.322673437049996
910,0.33356432381236584
911,0.34643355747837323
912,0.29780929976251824
913,0.2903799817128377
914,0.31512918729868056
915,0.3064707223651467
916,0.27232254702368835
917,0.27202584751052783
918,0.28668321292294835
919,0.2739930676569408
920,0.23826816559773467
921,0.21766717838554991
922,0.2528867127485971
923,0.25294252358359454
924,0.31209145437381286
925,0.2957005039526419
926,0.3577539910465599
927,0.30221287681383463
928,0.2531996608525855
929,0.3245964896213488
930,0.3470441233903968
931,0.2729941974322199
932,0.29369428476043435
933,0.3840843244641332
934,0.3621946006450782
935,0.31638327021369084
936,0.3886130566913174
937,0.47512039316501986
938,0.42696442486900954
939,0.41469685537379386
940,0.5142962590885823
941,0.6331504634737087
942,0.7453868062580169
943,0.8743220357955439
944,0.978101137282398
945,1.2150329707621625
946,1.223756332287965
947,1.126558533213245
948,0.91857771241157
949,0.7344637424468
950,0.6696716808345408
951,0.5260627372531521
952,0.4880699172295043
953,0.37878899112872305
954,0.33407221985364677
955,0.2811060882160488
956,0.23594156366778934
957,0.20925440912881638
958,0.17407307430531213
959,0.17026259812718558
960,0.13649155889906903
961,0.15755124914253466
962,0.1491684007363494
963,0.1196468719206508
964,0.12937053753029312
965,0.1553220732522816
966,0.14451567898294085
967,0.14217330585525498
968,0.1902162825143778
969,0.19897383605158045
970,0.19130679340259313
971,0.20189351245703305
972,0.15364957953668357
973,0.16761114451171205
974,0.14026458303647676
975,0.16917596531429213
976,0.1346730190868482
977,0.17326919729962717
978,0.17039784441886244
979,0.11544553189929495
980,0.0776922157535369
981,0.07882967141788706
982,0.07931540298094238
983,0.06619834333125386
984,0.06975130391124999
985,0.07993149745770943
986,0.08077769803349433
987,0.08856295282792201
988,0.10007561078150246
989,0.10494700730304816
990,0.11560958713860581
991,0.1397491312088757
992,0.14694740047317087
993,0.1500001917584763
994,0.17601310034427992
995,0.20814000253542683
996,0.2079194465839261
997,0.21864819425139928
998,0.26933953627811136
999,0.2883927207835306
1000,0.28543119181389376
1001,0.31065454662422887
1002,0.3631469376404297
1003,0.3970064389700817
1004,0.3380100684184377
1005,0.36093449475387573
1006,0.4098879624421637
1007,0.3332234222168467
1008,0.28085349159360834
1009,0.3237762001852086
1010,0.37671478213563137
1011,0.48709149724484885
1012,0.6015311993334116
1013,
1014,
1015,
1016,
1017,
1018,
1019,
1020,
1021,
1022,
1023,
1024,
1025,
1026,
1027,
1028,
1029,
1030,0.4931424374547087
1031,0.4813699837692582
1032,0.4047253786634672
1033,0.3838797169272907
1034,0.40638422515423067
1035,0.3687101091161131
1036,0.32870264625689943
1037,0.3221035509955758
1038,0.3174932826892324
1039,0.2814839718781607
1040,0.26176638404048747
1041,0.25990837625460217
1042,0.243658013139857
1043,0.2066061229117543
1044,0.23574821256912715
1045,0.24189340370935664
1046,0.21075341690931523
1047,0.24202147684363223
1048,0.2958461954237267
1049,0.32380731717684114
1050,0.3094395836711557
1051,
1052,
1053,
1054,
1055,
1056,
1057,
1058,
1059,0.3677020451453741
1060,0.33280515369896113
1061,0.35501883870461726
1062,0.334237250409
1063,0.3275257040962189
1064,0.3007162034241015
1065,0.34328653964121336
1066,0.3702770252272235
1067,0.44295685073772384
1068,0.5069928627343128
1069,0.5006795947840899
1070,0.45925487724742237
1071,0.4057901953336392
1072,0.34109296712838166
1073,0.274555715569364
1074,0.24732589651500497
1075,0.2716217228838714
1076,0.26161475445573734
1077,0.3062738622046776
1078,0.2771131090089652
1079,0.2214877062694928
1080,0.19978787001721127
1081,0.23100363086296227
1082,0.20384576173336943
1083,0.15692987210792683
1084,0.17881953576482879
1085,0.194610070781591
1086,0.14578788388878453
1087,0.1278118834561254
1088,0.1701843594258271
1089,0.16141560833967852
1090,0.17007854737361827
1091,0.14410749607680878
1092,0.1027207984324583
1093,0.09428402320721802
1094,0.07305868139275325
1095,0.07768574528548393
1096,0.07569132991566528
1097,0.0945995122986025
1098,0.11024561785067134
1099,0.12609613479823106
1100,0.14837144079221554
1101,0.14841409601946914
1102,0.16984274299470453
1103,0.18949977733557594
1104,0.19478859356607514
1105,0.17949879903955485
1106,0.17673748668389982
1107,0.19241854957169027
1108,0.1911134706230806
1109,0.22349414630401718
1110,0.19956765347473454
1111,0.2092712585330957
1112,0.20394343078422372
1113,0.19805342741359966
1114,0.21621726090129367
1115,0.21987345869020092
1116,0.21002979510063874
1117,0.19091973805321427
1118,0.16992240233510642
1119,0.16439214013163103
1120,0.14802432493561915
1121,0.14523433629553184
1122,0.15238240978426185
1123,0.15203474281283708
1124,0.15310446886866555
1125,0.16366562027559295
1126,0.15691458492565968
1127,0.16096910701862213
1128,0.16136041018943192
1129,0.18368958781562503
1130,0.1879773094430961
1131,0.1734689133997941
1132,0.1715827891263163
1133,0.1616679255119736
1134,0.16476406511733305
1135,0.17417600456379118
1136,0.17587111752173654
1137,0.17052337348842395
1138,0.16470807908613525
1139,0.15851239573828227
1140,0.1657605586652764
1141,0.16132752066273373
1142,0.17803995748468404
1143,0.22334773041556136
1144,0.26119209422633516
1145,0.32501343664556487
1146,0.40399915380784013
1147,0.47879596863400165
1148,0.5474299633628132
1149,0.542842472247885
1150,0.6772679531208482
1151,0.7730306268122935
1152,1.009541827006313
1153,1.2374949524743388
1154,1.2726765248168355
1155,0.9563753672612635
1156,0.9404859977745101
1157,0.7761102835611178
1158,0.6745611735222673
1159,0.5726168428210017
1160,0.4477862791303137
1161,0.36953509853080263
1162,0.2992440405322247
1163,0.23534681639073843
1164,0.22867782204894638
1165,0.19024962384459163
1166,0.1983549926753011
1167,0.18411146138849233
1168,0.1902589460508794
1169,0.2099498298535925
1170,0.22591025860293756
1171,0.24667461787625258
1172,0.31270870534866246
1173,0.3463963378352618
1174,0.31337507876257525
1175,0.34024176390540306
1176,0.4259932407158021
1177,0.4442009562602668
1178,0.3800312059342278
1179,0.45142081837181924
1180,0.46937131293334555
1181,0.378612660690436
1182,0.37298085736964
1183,0.45842205768246397
1184,0.4320055563381705
1185,0.36328981715675035
1186,0.4434765363367632
1187,0.44862515327433455
1188,0.5471523183102538
1189,0.6021931801564586
1190,0.48919290287405814
1191,0.5033741071592336
1192,0.46464253748661033
1193,0.46998803033084313
1194,0.39860734483570764
1195,0.3316807709971778
1196,0.26423687839744525
1197,0.21723089935173978
1198,0.16960026509201503
1199,0.14078741208042683
1200,0.116622987969907
1201,0.10094530672870596
1202,0.12231464866927819
1203,0.128693499791757
1204,0.17067733550981726
1205,0.2063434520270863
1206,0.2679094789069592
1207,0.3424384677271257
1208,0.3384419189418109
1209,0.25290971449156063
1210,0.2323061320154991
1211,0.1732679684153654
1212,0.15346183972326988
1213,0.11933746962790545
1214,0.128239333089076
1215,0.1277364832297842
1216,0.14555163478157696
1217,0.17613325252096396
1218,0.19422604837125046
1219,0.17710307134090797
1220,0.16081704982889222
1221,0.1435062488205942
1222,0.1498084146743118
1223,0.12484014879520054
1224,0.13844793128738797
1225,0.12623727132824636
1226,0.1730676005518015
1227,0.16990322251941992
1228,0.2157449188806606
1229,0.24404411458241815
1230,0.21617945982063638
1231,0.30152863272937713
1232,0.31406012670062833
1233,0.23497572517952958
1234,0.2568935069249956
1235,0.3605913092648302
1236,0.34097138900002927
1237,0.29299378054346403
1238,0.3800638166374509
1239,0.4712268483515013
1240,0.4369234722527593
1241,0.44486326445766466
1242,
1243,
1244,
1245,
1246,
1247,
1248,
1249,
1250,
1251,
1252,
1253,0.6259578809884018
1254,0.582046423267936
1255,0.4917091350253576
1256,0.6115871161112032
1257,0.6937092464039492
1258,0.5716089508176634
1259,0.5833013964789068
1260,0.7450101185814869
1261,0.7363782326041649
1262,0.6283338373050484
1263,0.6882906246434981
1264,0.6935635606167379
1265,0.5349689479728212
1266,0.5553399812582696
1267,0.6288150089181743
1268,0.5302206346301028
1269,0.4209236559132937
1270,0.48256043236195056
1271,0.5132089046405385
1272,0.3876418026763307
1273,0.357864799690005
1274,0.4485963061643071
1275,0.42331803475721314
1276,0.31528649811408477
1277,0.3402477495855153
1278,0.4195474265138026
1279,0.36018246574576807
1280,0.2719320515735955
1281,0.27459885838637843
1282,0.3546214084995197
1283,0.4006688318648888
1284,0.5218028365250168
1285,0.58843147051623
1286,0.5078160747781335
1287,0.5143127551560652
1288,0.6659894433878616
1289,0.670591860922605
1290,0.5826099019606863
1291,0.6816550979363023
1292,0.8246773325931482
1293,0.7713868581936956
1294,0.7295662286697899
1295,0.8959144396318905
1296,0.9970152629419433
1297,0.9045690920230596
1298,0.9157216599523716
1299,1.0746537832928895
1300,0.9560092895598189
1301,0.8725232445771596
1302,0.718292354336653
1303,0.62904009675059
1304,0.6656313173234158
1305,0.6350583920272154
1306,0.4969252591401857
1307,0.46094518902046155
1308,0.49976549546075016
1309,0.43295254282014134
1310,0.33356367099216905
1311,0.3691058911435561
1312,0.36744687395976167
1313,0.2608289861587495
1314,0.23987635384895212
1315,0.28023225493806486
1316,0.2216293622713122
1317,0.15880453072845124
1318,0.11478978341279675
1319,0.11476336106671492
1320,0.15484149477073095
1321,0.21515971747918416
1322,0.2690159269606152
1323,0.3720687235527134
1324,0.41454585772612823
1325,0.5342144602883271
1326,0.5685164082305045
1327,0.7034851483957449
1328,0.8075796997888501
1329,0.7348874821403482
1330,0.6180892624926553
1331,0.5157572617309703
1332,0.4663349616241079
1333,0.35096002183009734
1334,0.34205518850857447
1335,0.2741648591140036
1336,0.24463706370089405
1337,0.25958535831691004
1338,0.25560415361152933
1339,0.2256472250217115
1340,0.28706736025421387
1341,0.2888735352733978
1342,0.2316473179210495
1343,0.27496090882228763
1344,0.32639136615465497
1345,0.273056370981592
1346,0.25339507069593864
1347,0.20736598225865027
1348,0.17964781106526
1349,0.17885114211875291
1350,0.1480765608029359
1351,0.16198345579579101
1352,0.13444988684884418
1353,0.12353313523341006
1354,0.12628426975485832
1355,0.1667042076997602
1356,0.20988493001177394
1357,0.21004122707157832
1358,0.25560957039767723
1359,0.25978971928757233
1360,0.29690985050543084
1361,0.33746538680299715
1362,0.32670438515747174
1363,0.418332278843355
1364,0.4615069899835935
1365,
1366,
1367,
1368,
