site,rel_sasa,backbone_sasa
4,0.5675275723958295,36.506164934000594
5,0.01807234834572698,2.0866517542546053
6,0.048462281361777,0.9311118949556749
7,0.0,0.0
8,0.0,0.0
9,0.0,0.0
10,0.10216733151617116,1.619578370139912
11,0.004956073485676867,0.34345328705567735
12,0.08840320791642373,9.193933623308068
13,0.33024948985205343,1.753687687306434
14,0.3619044529091503,3.160443096904341
15,0.06619078913700986,0.0
16,0.0,0.0
17,0.005236064076545236,0.5445506639607045
18,0.0016342576528938567,0.0
19,0.0,0.0
20,0.003292628396054409,0.0
21,0.009648136709458133,0.0
22,0.31413058600601934,5.056448360949912
23,0.4802124109391005,9.040640246475066
24,0.324193625607535,0.6212419064919541
25,0.011157104121370415,0.0
26,0.4636219864646296,0.6877250682298311
27,0.08716658845393964,13.600428175653208
28,0.2166554069278592,11.87192751514365
29,0.40243688952460027,31.076783477845833
30,0.309215755015836,2.916677741477419
31,0.5895942476837944,26.872552325782504
32,0.029703269855573367,0.30906603144616074
33,0.3988265781188829,4.529467785346544
34,0.052171196737619496,6.7841283600347015
35,0.24099140657849258,2.9731666282049183
36,0.4771941274567393,49.628189255500885
37,0.45830543062246937,34.585235958357146
38,0.18605520069387385,21.37281543537506
39,0.6979035353468719,17.578848803122533
40,0.4771482052155525,12.013126893990451
41,0.611158669221812,9.30370071236754
42,0.27429337939272314,4.1488112407000886
43,0.1543614081365207,0.0
44,0.404670771280679,7.100114701880646
45,0.0565564086655691,0.0
46,0.027368238718687585,0.0
47,7.153097074586832e-06,0.0
48,0.0,0.0
49,0.0,0.0
50,0.0017781574001487657,0.2293823046191908
51,0.011477745393881546,0.07561889296044469
52,0.08341333417560565,0.0
53,0.015887894651988078,3.813094716477139
54,0.2605751663612753,4.623811190566391
55,0.36882656372352124,10.385383085328181
56,0.06724134832917647,6.993100226234352
57,0.43324387386308194,3.6251297679923025
58,0.23981297128902584,5.400628304755017
59,0.08041132075509427,0.18413378637478842
60,0.37508820789535546,0.0
61,0.4114907179609456,3.260199149440975
62,0.050066576968274296,0.0782805993887638
63,0.1294980269561078,0.0
64,0.4577297510069612,3.552282426909076
65,0.23063170960799856,1.3481897060509107
66,0.013346155417467425,0.03260532677403674
67,0.10178515538465793,0.8850100280036876
68,0.30061953555957305,3.0093316610800103
69,0.025188283042996355,0.0
70,0.03670983477676406,1.2961467530636968
71,0.17504505921163468,3.8702860540592363
72,0.1400312033112323,4.214841183410088
73,0.22104509338129474,6.396323775191162
74,0.040513924738216876,0.36301376023936394
75,0.12526111493072944,0.0
76,0.240432511338636,1.6663410631185611
77,0.19877525291416406,0.25859748641731467
78,0.06493150560085492,0.0
79,0.01889936071593201,0.0
80,0.3481603560178142,5.250407850016055
81,0.140625101076105,1.3064289994974314
82,0.0,0.0
83,0.09814624887098551,1.00270556478961
84,0.6030196978138261,15.55086471455787
85,0.13019843033367637,18.05475735190003
86,0.0,0.0
87,0.3281442469572045,3.398161145797757
88,0.6166700558292849,6.761386409426051
89,0.23370139578892798,1.2346883854937791
90,0.014474052042125643,0.0
91,0.46056579411206244,16.01227590963063
92,0.6636385369204507,38.46878024705788
93,0.40355028089301814,30.61236702006384
94,0.09963644365780906,5.984478018652165
95,0.6751375795747283,24.471155403076224
96,0.12149799859518066,0.3523937962679575
97,0.002821434511603818,0.6128861556462342
98,0.13265498037557782,2.134778773823756
99,0.49829275836755055,4.539233816774451
100,0.04783872091645714,0.8516610129590392
101,0.011490753760758284,0.0
102,0.30765123062009925,16.67471409109119
103,0.08598436941946185,2.782150066786016
104,0.006859703888686817,0.05403372919725445
105,0.00878372352490156,0.0
106,0.20156633764949675,0.0
107,0.19246692778198748,0.0
108,0.4142511200313713,8.789201835848155
109,0.6292142553003568,36.84254790865622
110,0.2482111448964522,15.161353218933765
111,0.0981764749969902,20.44085666461863
112,0.7458131410529266,34.47394021477052
113,0.2991885819972895,13.914196314311349
114,0.39804804919109954,7.076101859026913
115,0.1947709528612657,0.5233885211982092
116,0.008705471777484802,0.0
117,0.09526513916644867,0.677118798556794
118,0.06448909300275953,0.0
119,0.16302590299580658,14.910754169614268
120,0.23653726300003708,24.599875352003856
121,0.27621266066634964,3.9233550868396585
122,0.2802830852030847,1.5718703813077153
123,0.5328599830192328,3.0614819391899806
124,0.3273356946394618,2.0023942629738025
125,0.009183670027375964,0.0
126,0.1659359964169142,0.46175754928931323
127,0.4217689201304032,11.544655086114249
128,0.07125195103606345,6.526068160979717
129,0.10600246755372779,7.537238917957162
130,0.6312340057779943,23.372224215382108
131,0.545116924259835,18.77865186595266
132,0.056435723947891134,1.9263424522533295
133,0.20872580537482285,10.524232763224918
134,0.01022768386851041,1.0647275113058638
135,0.021273497705908077,1.230166821326846
136,0.04398114751675795,0.0
137,0.12945710784985115,3.2083820151554465
138,0.000136640156283329,0.0
139,0.002761548365639993,0.0
140,0.23136878893137108,0.0
141,0.21519116415420664,7.91542486310683
142,0.005739943935134414,0.9346135644965251
143,0.0,0.0
144,0.23191399035860977,12.625637060930645
145,0.18374871961050088,11.537267518336025
146,0.5522607431032464,7.65022152183132
147,0.482608751355198,6.7987082758559465
148,0.5236830285908738,25.517353255618215
149,0.0524318316116195,5.303056042441343
150,0.24170891545958545,15.079313415098117
151,0.00864870303419666,1.0350005902547768
152,0.11704860726725451,0.0
153,0.09044861875192468,0.0
154,0.0,0.0
155,0.010553121021070153,0.0
156,0.03521128573766542,1.3582143239020628
157,0.0,0.0
158,0.0,0.0
159,0.038107538404865714,0.06007392016030178
160,0.010742346770376162,0.12844046233002615
161,0.0,0.0
162,0.0,0.0
163,0.047893842474138214,4.426138067095268
164,0.16182698386675354,0.5966911493665842
165,0.025331321582333165,0.12384740670413275
166,0.0009673712400777811,0.10060660896808923
167,0.07128603352494352,0.0
168,0.12293321207496559,13.523775379383942
169,0.37096829701444534,30.741235450024732
170,0.29699978886537215,6.702910426043754
171,0.7216240017567397,24.536481339505627
172,0.6040299137295588,62.819111027874115
173,0.5619394029111248,18.40108753703354
174,0.1627620382896736,11.053652579269347
175,0.6425742190670876,25.982792477402253
176,0.329181027026779,27.7186529843704
177,0.31070725830341944,2.890321719754964
178,0.09667190394966374,0.5275763638829932
179,0.15165260427165528,10.648768220963301
180,0.29008186157828914,0.0
181,0.00038763363355456387,0.0
182,0.28675705668380164,1.7345552142323741
183,0.572252298713138,7.589620321340419
184,0.15791242222686316,0.8572222083638352
185,0.015311350367047389,0.0
186,0.41235063009329675,0.7646860531127843
187,0.37278779341312007,0.8303152125357415
188,0.0,0.0
189,0.02881449654415262,0.0
190,0.43700789183962163,4.086394006446873
191,0.20108604354506274,2.708778801282671
192,0.06337149239880542,0.0
193,0.15587276597621558,5.982480855486467
194,0.5676146879598439,15.014477844158266
195,0.2543844691735133,21.580117804224567
196,0.26816851924724255,3.0109246902365627
197,0.6784783730598097,24.248421890542694
198,0.7229956778832157,31.86131217887222
199,0.5396944853012289,2.3614452424316155
200,0.5821550222633759,22.82824127387988
201,0.06805446887039479,7.335379158685157
202,0.4884450912535772,9.630457343463593
203,0.271770572583234,5.980016342362891
204,0.36370866436341553,33.113732504787684
205,0.7840053611017519,81.5365575545822
206,0.10251081777698143,16.955430498137996
207,0.4519583005972439,13.241446352330877
208,0.022803664794051878,1.7332958272494519
209,0.23285969247790958,0.9960827884185985
210,0.4306697767429748,13.51832488336893
211,0.15677118287099084,5.588327204089942
212,0.014777167064844473,0.0
213,0.20415611068045206,6.885628799482774
214,0.26045362171950787,10.77784143532141
215,0.2267715806755868,20.300094590762917
216,0.36256440575178345,13.527116231944401
217,0.3191801801087146,16.94462760606119
218,0.32135134111557634,1.2011943181535196
219,0.26378348401233204,0.07517163287045642
220,0.47427022894800064,0.0
221,0.02717773039387756,0.0
222,0.09774809213914959,0.0
223,0.2731721422382603,1.9709824005354433
224,0.300328745527738,1.4077021129475302
225,0.0,0.0
226,0.07402496954559601,1.9371094604451102
227,0.5699698763153981,34.92416046273381
228,0.41036084696492037,11.153764390617585
229,0.03985329234989957,7.193356033586392
230,0.6787221673604975,27.247839588740682
231,0.7901635190620494,82.17700598245314
232,0.17396997881708878,7.274360283850701
233,0.6516967862220919,4.998618467319908
234,0.40785830201201306,4.782569729596208
235,0.6182303112712327,4.867363585451631
236,0.2040079159155583,21.216823255218063
237,0.09379181963983717,4.61119825684224
238,0.0,0.0
239,0.00018801765031404996,0.019553835632661196
240,0.08454221931050893,0.07679003051568306
241,0.0,0.0
242,0.008455641574377108,0.0
243,0.05473153239978442,0.0
244,5.093749418226535e-05,0.0
245,0.02599335861686929,1.4089399547259833
246,0.05279063027261069,9.144888061363687
247,0.3174526617274165,33.01507681965131
248,0.19375645765191934,2.5788214185490803
249,0.43268066557519697,30.90707688186802
250,0.06754050979446476,8.25825601999195
251,0.17903136973507155,10.088647216947354
252,0.0,0.0
253,0.2845069192795324,0.2346550026322097
254,0.5767451365228309,32.17033861595248
255,0.2527537649431063,35.97057808351292
256,0.13909562591696029,20.008251735553372
257,0.7530925475010718,32.009920083763106
258,0.11678032894369059,7.550176843518288
259,0.7840472405861844,32.040251064531446
260,0.5183547084073769,6.353871569358654
261,0.4516439770483509,22.70991837599888
262,0.06508583090686003,5.833132000815054
263,0.34468556167473835,18.828127319265796
264,0.010458928805951829,0.4028357032008152
265,0.261009300990354,4.502511158709376
266,0.1729959761984161,20.002518555968646
267,0.6209635335121483,39.68242214238413
268,0.4667003132070728,9.882939768753934
269,0.40236351210262605,19.52893815042619
270,0.2548802833300463,0.9607905854431118
271,0.07181347963612314,1.0363963894017851
272,0.4327419229835304,6.075800896126406
273,0.327988693282407,0.42070443498270416
274,0.2530170422930608,4.282034335810648
275,0.095618732375882,0.0
276,0.39535189891400574,4.6662780517135864
277,0.4171960044805045,3.4661935283717478
278,0.011674364801322216,1.1273154920749415
279,0.06689696591986322,0.10879013468797358
280,0.6558745086794553,35.886040951067386
281,0.3843411193474124,37.16806975196831
282,0.1276254572718588,19.70479774322809
283,0.21283639717444347,22.13498530614212
284,0.5082385832888962,14.777037356660902
285,0.4923795343923952,24.53691838135634
286,0.13860008579463065,0.0
287,0.2351963197945164,1.0242168733428012
288,0.4788593239392394,2.764537888463532
289,0.00843707976810179,0.9676559633311032
290,0.005800673561524598,0.9069438642399507
291,0.5113129600444369,0.06359368235142121
292,0.03370589360378677,1.9788337065313584
293,0.0008327961837400915,0.0
294,0.3748060533539388,0.014385219546173294
295,0.3220768725058883,5.043190712755914
296,0.011134109466825547,0.0
297,0.04854724732663226,0.0
298,0.4084085208757991,15.10800969045473
299,0.07213239915792255,7.2837599302959575
300,0.03490753421788846,2.8205839940278117
301,0.3783041907364187,17.380851668064082
302,0.1024214134622285,4.68587087649968
303,0.024979416388823415,3.6249512830722193
304,0.33354058896974387,13.805120321377656
305,0.11518277868650853,9.999190948076999
306,0.03112997927399915,0.0
307,0.2428058507516596,28.57180591599589
308,0.15755710403467355,9.026109706677456
309,0.4452992909861774,6.177914773098154
310,0.14688285251523217,14.868083532947109
311,0.5928392378378268,31.06183714591948
312,0.6450654365052302,30.846415888068776
313,0.038480441770495755,6.61863598452527
314,0.41198997691000805,16.68618777527484
315,0.0,0.0
316,0.07635197722976865,0.0
317,0.022345895085573518,0.0
318,0.0,0.0
319,0.04293999547461662,3.748556543218144
320,0.04332219782506518,0.9243329804143197
321,0.01832337000568421,0.305921353454636
322,0.12378940440955093,0.02858028138306424
323,0.24511037362910124,4.224292708363893
324,0.1393724445842123,4.080773196041146
325,0.15025094826411795,0.0
326,0.30119693127872543,1.0839311756549883
327,0.1759409516523189,0.2704614194643405
328,0.0033371733927889066,0.747526839984715
329,0.40005647902081104,0.2934830886223723
330,0.4825896381790247,8.212018467515614
331,0.07212352488686694,0.3415300826602469
332,0.029226135795518585,0.0
333,0.4695800056212075,4.685640283431389
334,0.3623532298214412,3.062707308933696
335,0.014314143484784216,0.0
336,0.07768656341186626,0.0
337,0.3072268787510577,8.935857415042843
338,0.07406404895282834,0.0
339,0.0,0.0
340,0.2634440195766228,10.529117068537932
341,0.6076367279465109,37.211278313505744
342,0.29974229792017504,26.730214918974134
343,0.21192656964427034,0.04283681606716312
344,0.44396187299495826,14.25351726715351
345,0.6428270794402186,35.631712105767775
346,0.342437718526011,0.6027724024853814
347,0.03665546692606907,0.0
348,0.6020840741796086,1.7198365674616287
349,0.2653852115349547,3.6271827266446754
350,0.004445245963741489,0.0
351,0.00054344363568295,0.0
352,0.3610697623486537,19.32954373070847
353,0.2463685209398832,6.476919090030452
354,0.4613262269001045,9.923608843463047
355,0.5598700175364644,33.963152336357915
356,0.3979646542221785,11.63790487002125
357,0.27428342432401587,0.0
358,0.0,0.0
359,0.0,0.0
360,0.0007374811598297914,0.0
361,0.0,0.0
362,0.016083055534290097,1.0737750544331521
363,0.12333588028495561,21.45977613887018
364,0.40088515209994235,30.113093656452094
365,0.16146792656703146,16.792664362971273
366,0.7374232451892337,76.6920174996803
367,0.08676635005702968,9.863966783526655
368,0.3401307301362114,10.3750350332497
369,0.06801683957941697,4.929393009713497
370,0.6102560543763377,6.875473689101643
371,0.3579367435259723,4.039035559365015
372,0.0,0.0
373,0.03608021781996161,0.0
374,0.6033536502756053,5.6260709818002645
375,0.17482260290568352,10.167572379438367
376,0.0033512623654789,0.0
377,0.37166368359046775,0.0
378,0.33124001688236443,0.05257219228256599
379,0.06463554483465456,1.3277889210840212
380,0.000783392476806912,0.04277721000946393
381,0.44443092412813257,23.8973281827519
382,0.6479626958322859,34.66234042122945
383,0.024190516781394104,4.057582275044965
384,0.6303836335592552,17.57779399708834
386,0.1036721766792887,17.831614388837657
387,0.5150240309913369,8.773167343248732
388,0.4799321083585038,3.9708793358370196
389,0.020397060302580372,0.0
390,0.19653529946685108,0.0
391,0.420099277423974,2.8658945759552195
392,0.08096631607448597,0.0
393,0.04344033278745782,2.255287191329655
394,0.6116814156889461,31.945233198707864
395,0.30524520453475945,9.233311518316926
396,0.4225858239962917,0.10269804539227172
397,0.039964941031150676,0.7903277282358814
398,0.017660389424610907,1.3104878784153604
399,0.0038034403610833116,0.0
400,0.022710273523025723,1.4832593508950387
401,0.1342117687898949,0.0
402,0.0026649253955858833,0.4605503076717
403,0.11294676469782185,2.7301197408128863
404,0.0438545639337965,2.5701768328079706
405,0.468667870699718,16.727248084972157
406,0.2791369964399396,17.740140955345495
407,0.06070692844820713,0.7548547510404127
408,0.27492965873472663,28.592684508411573
409,0.4294368590425325,16.478486829545503
410,0.04933025101917432,0.0
411,0.008681100308532728,0.0
412,0.08374274204806945,0.0
413,0.03845522935501171,4.603488192412266
414,0.049511359670649936,5.781105025284625
415,0.044134824735810874,0.0
416,0.17095341481540555,0.0
417,0.32136914299505326,33.42239087148554
418,0.015098741989453162,0.17317110507838115
419,0.0,0.0
420,0.1804757752008089,0.0
421,0.02132848506621657,0.0
422,0.0,0.0
423,0.0,0.0
424,0.4144128610814388,4.535482667552642
425,0.2257138181213548,5.052309211432383
426,0.009593963727637878,0.0
427,0.10881002130264517,2.992880674341302
428,0.5877310109593119,36.803776806481956
429,0.34132036396084164,21.063000466343617
430,0.0855402814167286,0.17756980235480105
431,0.6114091196609389,2.3030161357558177
432,0.11565638344826215,4.163128974799301
433,0.0,0.0
434,0.49646491161554185,9.07754674373543
435,0.6179296792102826,33.65821440659854
436,0.17120680823802747,0.15306786826071977
437,0.2575457052484414,0.16074121461258487
438,0.5511350606212849,2.315381576051293
439,0.3497574464915592,0.6151286595405867
440,0.0,0.0
441,0.11131689778691989,0.0680590298813209
442,0.303043991391271,1.668423147939825
443,0.007154927982002477,1.409520812454488
444,0.0,0.0
445,0.328051191420507,3.028318345713836
446,0.11453356391347662,4.34982811003381
447,0.22508636012121747,12.121610283308135
448,0.006210173913715019,0.0
449,0.15815548957418732,8.31999567218401
450,0.10388210796197646,0.5174416962781185
451,0.044410700412129994,0.0
452,0.0,0.0
453,0.0,0.0
454,0.0,0.0
455,0.0,0.0
456,0.07725327220396037,6.149664143266458
457,0.3684438049598991,15.572194833015072
458,0.7824194841644659,81.37162635310446
459,0.3350642671602971,22.814280276135428
460,0.10918752095757822,16.924065748424624
461,0.6112008900488853,37.85796308169839
462,0.039513634900868476,3.561521427032461
463,0.18627797865466697,18.068976153987744
464,0.09995466889299423,21.94277648238757
465,0.1083251829031048,21.705770909827162
466,0.2588014747136325,5.320757812690354
467,0.18081374942713296,29.830265591087365
468,0.503615920997879,29.328776148606963
469,0.29439604658933227,10.325705198056477
470,0.6322721774764746,28.522762107150847
471,0.4481990951459707,7.304597733355796
472,0.4640322804631486,11.994326415103352
473,0.0022166064456588057,0.4366714697947847
474,0.15497008313805188,0.0
475,0.041587421923873595,4.3773813837077675
476,0.17889089812891107,14.168103837942041
477,0.15363847437852704,0.17025634875663115
478,0.007228174698425715,0.25838971500271407
479,0.4340568537664053,6.529405425767694
480,0.47506832197391824,9.351827983405922
481,0.021556446044951445,0.0
482,0.00029181034478951827,0.05077499999337618
483,0.2228026177440057,0.0
484,0.13548427588453527,1.402615747030655
485,0.17202457827975354,17.89055614109437
486,0.2703120091266838,5.199582514616381
487,0.0,0.0
488,0.03513298726536028,0.17312927292168057
489,0.2471664288339445,0.0
490,0.24070680409796616,4.095781719693843
491,0.014866768750063446,0.001858476224186446
492,0.0268670153920131,0.07515831312303332
493,0.24639335065143667,10.843126015092897
494,0.40462045067116,45.22914835452376
495,0.15757247449955392,16.60193506298976
496,0.13390683812567594,10.345433073392805
497,0.16786457583644057,4.561311241323544
498,0.4438178836029587,8.95570567022178
499,0.0030561310004248044,0.2625568218855531
500,0.5300179562547154,21.029185475054028
501,0.21696283811516479,4.258734299221674
502,0.12823067454274245,1.9053492842108688
503,0.5222991429281372,12.644519505291353
504,0.6951299949811967,18.679143972123427
505,0.21381846323046216,0.0
506,0.5081988619815007,8.554318163419193
507,0.036635735494262384,5.4516721735262905
508,0.09017006894897744,1.3227213560669195
509,0.026499830791043986,0.0
510,0.20516478930237078,1.4506371968236957
511,0.2636452709436557,0.0
512,0.004021748899011213,0.0
513,0.04061545847993783,0.0
514,0.024757024712192852,0.0
515,0.006578415909184364,0.0
516,0.08492370600739246,0.0
517,0.15299899710631273,0.0
518,0.0,0.0
519,0.06119395933462935,1.8597147703038157
520,0.004165212826350869,0.4462667533419778
521,0.05257809018673745,0.0
522,0.09890988395658575,4.727930141342727
523,0.11691348246036382,8.96724791312999
524,0.0,0.0
525,0.0,0.0
526,0.05879461838065041,5.222018745193589
527,9.270632863224356e-05,0.0
528,0.27675871396989976,0.0
529,0.08915211168051482,0.0
530,0.2415364962670894,1.9950946722357645
531,0.13254167849800805,13.231667968536165
532,0.805831381503325,34.92446652022298
533,0.6838601335642653,71.1214538906836
534,0.25877914337109803,22.841123695410587
535,0.87087615846656,37.828229275428804
536,0.6327308042447449,4.453471583260001
537,0.33529939174160045,6.7946058062848245
538,0.25946143216931894,4.708586203414632
539,0.2243090045983249,11.988545833848455
540,0.0022888562820062904,0.4600601126832644
541,0.316103231402245,2.842319701549494
542,0.09970089950466238,10.368893548484888
543,0.6029211674416903,5.430778839003759
544,0.1246721369816224,0.17775498672106874
545,0.0012252131752207556,0.0
546,0.40609301044674456,0.607239270977506
547,0.20976071357823636,11.126558531269382
548,0.0,0.0
549,0.012205661771693839,0.0
550,0.40094465120464395,6.202874482349086
551,0.39434753535108386,7.009898569357542
552,0.018087559668100606,0.0
553,0.0068487054649193505,0.20441142712770982
554,0.09231828269490928,2.124523569977683
555,0.4504951205540616,29.096497077674897
556,0.22349461624181738,2.86127954229471
557,0.3326290231273178,6.947470130824254
558,0.35307947799023726,7.264779740965773
559,0.00211113335205223,0.3585483321167667
560,0.24288507624538566,0.0
561,0.09815159970526484,0.0
562,0.6289473895863835,1.970910102710432
563,0.21049825243151132,1.4173705669127992
564,0.0,0.0
565,0.2954113669976574,1.3548104770365796
566,0.4465858799035275,3.1576964691022673
567,0.24040932646965124,0.29125396614225
568,0.020053368520942094,0.0
569,0.0014916314049473426,0.0
570,0.38509753356686355,2.8668600197961704
571,0.6564816439288339,30.671292497936385
572,0.46315931553681494,27.232292325185504
573,0.21341086690161257,18.855313951467775
574,0.6223650419780129,20.596502569262725
575,0.25842983059975216,4.882573672704742
576,0.6359756564506021,31.274051771624944
577,0.5955356946623027,19.58394059564283
578,0.06248992813808203,9.081437637320342
579,0.5107589547508511,0.4172978284656745
580,0.14792833730580315,26.623868172737815
581,0.4188286532371694,24.948105624046974
582,0.027645373097887307,2.87511880218028
583,0.1085236090032222,17.540732811711983
584,0.4401600816908101,10.497982260550954
585,0.5530618784419093,20.65460754666093
586,0.34787523118785213,1.3792910909879184
587,0.003186956326402345,0.45465443383728543
588,0.20632165956833662,7.023129351105615
589,0.015763887887482498,2.0172014716167266
590,0.13533886273249957,3.7592539781337138
591,0.0013852151941511164,0.23133344027993222
592,0.16645958685714704,17.311797033143293
593,0.008141151371920218,1.029001593457651
594,0.0013193300990765864,0.0
595,0.051197724741928394,0.0
596,0.10576842653245162,3.5565810805061364
597,0.007743853758968342,0.0
598,0.21702384709810407,5.737734817616243
599,0.5043918695345035,10.926525984117482
600,0.07418444402930961,0.0
601,0.0676184987318855,10.650207629827323
602,0.6114689420538693,31.60276459861891
603,0.3403726211831386,3.252529599264342
604,0.35481286544546725,4.258324832760444
605,0.5687385635635965,8.489927009917391
606,0.118076621694679,5.229983411130677
607,0.054618967852576264,10.864922277299732
608,0.29827493544070055,24.543219617730323
609,0.35403825432746755,10.53596430294331
610,0.617184546271916,14.29020388457673
611,0.6787799151178049,26.391346074052194
612,0.09966451167487912,0.0
613,0.18916224014832533,4.450027572866643
614,0.47622753359885167,4.640852489256255
615,0.20478557398145866,1.1907100609277153
616,0.032178036930025536,0.0
617,0.0476278219596486,3.662282798700367
618,0.2629918366844967,3.812192703886179
619,0.007663378450675466,0.10076252269992354
620,0.0008986384571810444,0.0
621,0.3243247499206749,0.0
622,0.018233406566534924,0.3614906141866041
623,0.0003302589804788908,0.06638205507625705
624,0.03148896916550425,5.380900820583853
625,0.0362750397918296,2.9725476716859833
626,0.022254356802802893,4.000281537699387
627,0.20612336738690498,5.406699288342968
628,0.10518204383926308,3.3701048702625367
629,0.19169346059844244,1.0771067852455234
630,0.5463666053923845,12.124575814249717
631,0.08012280716078309,2.2491479605988696
632,0.0,0.0
633,0.3800445977374213,1.2039190480303974
634,0.460399711832221,6.8475155391843465
635,0.31503432801769504,9.529899104290347
636,0.004837792516714435,0.0
637,0.5451112770610138,11.195312674251658
638,0.593517820519942,18.3867294701895
639,0.130098968926047,0.0
640,0.40532357874024216,12.578121541275735
641,0.6499933008154922,40.21029491352847
642,0.3252970627829107,28.101802301920543
643,0.10611544439765334,15.758770856202334
644,0.561977721399159,6.705378438525258
645,0.6393876394872855,10.721756688659895
646,0.5122788718991104,6.188142251663544
647,0.0716094489416993,0.0
648,0.09589623624486308,0.0
649,0.5711010856745625,4.416888149731933
650,0.19935653396555897,5.841442562419812
651,0.008844681114874669,0.0
652,0.1842070763147702,0.0
653,0.2129732135531288,8.153682836472814
654,0.2903448691379831,6.758272306302988
655,0.22343643971912133,14.549059542799121
656,0.03850713033750199,4.804200102643295
657,0.38478676504066384,6.4852953849976265
658,0.20095427411100192,20.8992445075442
659,0.090484210028203,14.643838617313934
660,0.0201886323129731,2.0996177605492026
661,0.22399785869767125,5.130431667429558
662,0.019502631604858912,0.0
663,0.002881224702161406,0.0
664,0.26017703715030055,1.1722767372486955
665,0.3908333084164952,0.37940813802195633
666,0.0006478476830442979,0.0
667,0.0,0.0
668,0.22233031076082607,12.13339651940463
669,0.3469899690497676,36.08695678117583
670,0.126134804907462,7.30629118175673
671,0.5162586332526461,14.645656537738317
672,0.006444395697334004,0.27639441639223916
673,0.7291027955655556,36.06565577712306
674,0.7171356133390842,22.643578810049732
675,0.28483181170781746,32.886148834553445
676,0.36526999993209974,37.988079992938374
677,0.2872522946883,0.0
678,0.001429761616166415,0.0
679,0.0,0.0
680,0.039601833379112605,0.0
681,0.20227781466184666,2.6345448455482865
682,0.019489768253486344,0.0
683,0.0,0.0
684,0.2820210340563336,0.0
685,0.2763094831454654,1.0492657325049342
686,0.11157068159416508,15.150984793509615
687,0.5031524051118196,52.32785013162923
688,0.8384793768582796,16.445003622754527
689,0.4095822350058087,7.375389004309693
690,0.006661624262032299,0.16217904452978602
691,0.17149729105221576,0.0
692,0.02160218196190379,0.0
693,0.016775110496472855,0.011698208727369706
694,0.06331440677901824,1.0677679443190002
695,0.13028133335526423,1.9530735187703754
696,0.0,0.0
697,0.039173613096483526,0.04847804997965958
698,0.32060406149436255,15.602363886561788
699,0.1830401994610631,4.0522302450649015
700,0.6231673681931277,29.977428827673712
701,0.5956022404109316,39.981826006705965
702,0.07983693719550208,4.70729386223757
703,0.08863927263389546,0.9587456708576308
704,0.0012979797672815964,0.0
705,0.25408512386694937,0.3456715056164571
706,0.38784527761141907,2.1238275424837836
707,0.2570130928479517,9.500721920999107
708,0.13558077951486472,3.7411652205111947
709,0.6078690753158212,32.82430860143301
710,0.7831201419522994,52.81709528502246
719,0.5680310371304024,66.28148669033192
720,0.16659467513307208,12.62093224423003
721,0.18885567113320426,4.666553750014189
722,0.5310980202516876,6.323850461130748
723,0.3447507433769389,6.5434654238378895
724,0.03111171523020142,0.0
725,0.43178945977523236,18.27521644547462
726,0.6565886279013896,30.12524062715927
727,0.0781429845587936,7.822590895707633
728,0.2516022166048965,13.160711758498007
729,0.21238359589052153,22.08789397261424
730,0.27728340948176416,4.687980577859266
731,0.11342303503902779,2.8039926640318327
732,0.1249886583198662,0.0
733,0.07766856581489211,0.0
734,0.11467821132282068,0.4591107236370855
735,0.029211016562930448,0.30601401851132015
736,0.0,0.0
737,1.2930899935917355e-05,0.0
738,0.013662420214714852,0.0
739,0.0053416981587458235,0.0
740,0.0,0.0
741,0.0026201360053111993,0.015986594715847378
742,0.21069802115410582,3.5813253432443366
743,0.0,0.0
744,0.012318814015255187,0.0
745,0.2936327674217025,5.347355814241711
746,0.14338904420734355,3.852661587149069
747,0.002650174104002973,0.3416677318179451
748,0.13358803820149517,0.0
749,0.2515427092009982,8.507915576035979
750,0.06981353887114693,11.86837587981395
751,0.11039882774678544,5.7926561248302795
752,0.48342387031629064,50.27608251289423
753,0.4651447330231278,19.504727247253328
754,0.44897775502365633,3.0684320914398926
755,0.30417911588647983,16.42248119204116
756,0.014541970372428551,2.3121732892161395
757,0.41435964272535286,6.999544502515373
758,0.03739248217563163,0.0
759,0.0,0.0
760,0.0,0.0
761,0.023578917316145382,0.9048227292892284
762,0.0669462223220093,1.6951559825224143
763,0.06367229373644522,6.5023042451460045
764,0.36065658319296134,6.773271255077351
765,0.7476365753130758,66.3232418062719
776,0.6318430974667648,30.737151922299663
777,0.07842994385346842,1.7232538466482878
778,0.42936987679305366,0.1262784602229653
779,0.5554756183849555,5.989642537966481
780,0.19838478204954235,0.04665202799391732
781,0.12021323778726334,0.0
782,0.4344190809088799,0.07468788563820927
783,0.3409748753619364,9.605996848073238
784,0.00019006571062414178,0.0
785,0.3217974677937005,1.298928306948002
786,0.4816824193472445,4.318077571299668
787,0.009924602992360218,1.0321587112054627
788,0.014887453999420682,0.0
789,0.666049824231962,24.554906078414817
790,0.43543331385535783,28.83588840017496
791,0.2411831415820839,30.009556815538932
792,0.5184252558622062,53.91622660966945
793,0.1826133725741809,21.461710364940277
794,0.5922651914356265,5.195141604733612
795,0.09440518844571853,3.5795194803337096
796,0.19617431066980429,4.712272702194244
797,0.38559050776813614,38.20481335925476
798,0.5470856016995568,27.117267330312934
799,0.17419811375177988,2.200065673240267
800,0.6814218405000645,19.840511153006283
801,0.11273687226053575,16.750829086486995
802,0.5255097182098989,1.2695193511658023
803,0.2689614625928976,0.6716411062965535
804,0.5835961706964664,13.93426276958612
805,0.3958101573312908,9.811713640288467
806,0.0,0.0
807,0.41333492699428676,23.27190694404083
808,0.4345701420635117,9.63308303630992
809,0.2549996516415079,2.754798372640775
810,0.228972967156879,0.10910507381374203
811,0.11465693741063146,0.0
812,0.01732573691107039,0.0
813,0.0,0.0
814,0.017900323130111122,0.0
815,0.01843430369328156,0.0
816,0.0021259118053932008,0.04141897214968422
817,0.002329850273390104,0.0
818,0.19324323659335535,6.956129780735076
819,0.017987641648609422,1.8707147314553798
820,0.2703888191411186,0.0
821,0.0,0.0
822,0.0,0.0
823,0.02623713707965444,6.900367051949118
824,0.29737569203995184,17.091200614406997
825,0.4328039637113726,13.875408138014063
826,0.2527339772687945,3.987119745964889
827,0.6025289405904287,21.853095445513333
828,0.06718818372248116,13.201569403294856
829,0.3103702087392378,3.7409743779263045
830,0.2557262833922559,11.86220995777618
831,0.6200704467607887,32.85735109327364
832,0.43971098926489943,0.5283614792023672
833,0.13895161981817591,1.0782345559121516
834,0.6623893737405806,33.1869932674938
835,0.4383004908150703,21.605323514666466
836,0.0635235266247081,2.3479069354930124
837,0.22850317553917898,2.4724254751913
838,0.24929219069021896,29.644181060133356
839,0.08954334001229383,2.7750177776156044
840,0.10973202276639857,5.278765239639321
841,0.0,0.0
842,0.024680839616064872,0.0
843,0.08557290898208159,3.608423928158313
844,0.478245331759251,6.561606855923163
845,0.5209647788779425,23.968047922845937
846,0.04416413269795839,1.6719936228054284
847,0.19788900680695165,0.37419332645775466
848,0.4510060001700212,22.0375012178931
849,0.10025245764455747,5.913412971584745
850,0.5536682769667475,8.329326193873932
851,0.337747708596378,9.744769569010712
852,0.1485986431931569,1.286677231471963
853,0.19131664759989322,0.7396060839436207
854,8.315464366257872e-05,0.0
855,0.1482851316318441,0.0
856,0.0,0.0
857,0.0,0.0
858,0.0,0.0
859,0.4304217582870634,5.372504040054654
860,0.19051808843080406,0.0
861,0.32143203786080804,1.9635568802173122
862,0.7037980159875337,18.217744690583785
863,0.30574821370100136,12.15524082247958
864,0.04410817244851638,0.0
865,0.31573329003136413,32.83626216326187
866,0.6209816255758733,3.0629212977796274
867,0.6069166254268809,14.856074254718182
868,0.5540131933812911,0.9768923052488652
869,0.18236008111752772,0.0
870,0.02922622457944499,3.5923673280565236
871,0.0,0.0
872,0.1789104999220124,5.2324147620259005
873,0.442116822490652,2.3528150235712366
874,0.5017474227368282,1.0350195050204163
875,0.06260149673811612,1.6436110727161197
876,0.01862685920426866,0.0
877,0.6588528928717504,28.140792173647885
878,0.6197513765688404,27.642651934064677
879,0.004364241632693022,0.2579534135104798
880,0.3193247236313951,0.15267490394446634
881,0.5561349814835035,4.342506693873843
882,0.09638505331275224,1.8897805719531116
883,0.0,0.0
884,0.3683282810074407,0.0
885,0.39254718344303435,3.807417868046581
886,0.0013183893157032766,0.0
887,0.14661495720241655,3.6757584342955525
888,0.5128889262609455,18.30858400047825
889,0.025484783262682293,2.90873837445566
890,0.5761665225636212,11.102463841467884
891,0.002829009471386361,0.39082065205045713
892,0.013639516136839381,2.104357026807394
893,0.08347137959571098,6.718511254691505
894,0.1866203601692763,0.0
895,0.2403284609850089,9.433279020009792
896,0.009633557969972745,0.0
897,0.043057467128425626,0.0
898,0.2131609775392019,1.0759271346112782
899,0.11454760481936242,0.13034070621049504
900,0.0,0.0
901,0.004996013252966231,0.0
902,0.10387664660749765,0.0
903,0.06696585474540784,2.143779913957197
904,0.3680872142108632,31.99098766939786
905,0.43957654524184914,34.04683012584776
906,0.6210099323807129,64.58503296759415
907,0.06294004791740865,6.545764983410499
908,0.04964693257201604,5.763210590762212
909,0.3516283879934112,9.162189771768018
910,0.3928266132836761,6.148368090591959
911,0.560602937608753,1.5065382917012486
912,0.22884539902017784,5.294849430674358
913,0.08933056058496026,0.0
914,0.0,0.0
915,0.13457757648693375,13.99606795464111
916,0.15503218544898317,1.3787771757194522
917,0.09155533139444541,0.0
918,0.09138393796275458,0.0
919,0.4067595276439354,3.7685632069937562
920,0.10281757809717286,7.2911107615146316
921,0.07177754113876246,0.0
922,0.0666674696495338,0.030802429439287782
923,0.061922539972793116,10.790588932642068
924,0.2474919383061962,6.877099166164463
925,0.21556163196758227,2.5172744252892567
926,0.16374310471849557,0.0
927,0.1121692072284166,1.265005107640175
928,0.02507503739436696,0.05402357618101928
929,0.17250029631421748,1.673580567859859
930,0.19085506094269927,0.39967700839523124
931,0.002168311744544977,0.0
932,0.011112339084613823,0.0
933,0.23766554435160372,0.25262247772271484
934,0.027341766323748486,0.6397015442500102
935,0.006471044822127835,0.0
936,0.026081528990878247,0.0
937,0.398609447020953,19.919983364008562
938,0.352572895587088,21.489051765921353
939,0.048741531982320986,0.0
940,0.021031044685235076,4.10105371362084
941,0.46746726143834577,24.110754036036834
942,0.5188449329236807,3.257343468977451
943,0.5128191937972544,26.315330910187672
944,0.2695171863577932,14.76260922153239
945,0.7228222485400209,45.60001016517066
946,0.45585243985713164,16.09508073779818
947,0.6083678816813475,16.732449263961083
948,0.5366148097330814,3.6240688092160434
949,0.31141943682467255,25.370421674485993
950,0.37343982168607587,4.555247566185845
951,0.27357410285387784,23.5526389751076
952,0.33748490175400325,27.817188770433525
953,0.0009023631130152041,0.0
954,0.22715795096629504,0.0
955,0.0007088727619837525,0.12334386058517294
956,0.002350997716556529,0.0
957,0.11069524008515338,0.47557440462438394
958,0.004810161839470014,0.788287925011273
959,0.1965575627735884,1.1235826893014256
960,0.24743890563597754,4.3654819610145426
961,0.26254056770196754,5.363966147990304
962,0.01375610678728819,0.9164361516069957
963,0.024414841351563514,0.0
964,0.3012880960647848,6.105661344688374
965,0.2316343049428105,0.5183018683235691
966,0.016098277730202507,3.169233883163676
967,0.0387946615118272,0.0
968,0.47160822043836437,8.12363267176088
969,0.395020405144403,29.32999170898655
970,0.19534168626241544,16.70443702524537
971,0.3883255822366698,5.78295836902313
972,0.041432542189188536,3.351774822727131
973,0.05255808813610395,7.469477767182663
974,0.30356301692324245,13.282320863067692
975,0.08952845171672807,9.004224510367035
976,0.555292302014398,8.82753698145988
977,0.29419009593797624,6.070157262170122
978,0.02467500259936843,1.3070496251937476
979,0.0815875917094424,4.467236028259691
980,0.17426359285214466,0.0
981,0.07672357465424748,0.0
982,0.0949807101664342,0.9696207743495109
983,0.18698323038411127,0.05751705524952634
984,0.0,0.0
985,0.07675619319281665,0.0
986,0.06130997665120544,0.0
987,0.0,0.0
988,0.0,0.0
989,0.0,0.0
990,0.0,0.0
991,0.0,0.0
992,0.0,0.0
993,0.0,0.0
994,0.0,0.0
995,0.04235783768712132,0.0
996,0.0,0.0
997,0.022242698383665056,0.7072683836817537
998,0.07639962859331324,5.0449594731933205
999,0.1716218028422735,6.173065461059203
1000,0.11714835826312915,3.428170181003753
1001,0.20482665422020727,1.7409254974943775
1002,0.40059001523724075,7.8132677498774274
1003,0.8226411103994954,22.518982423149566
1004,0.09167083588102072,0.008174925194321768
1005,0.30710970871315735,2.0011085007045417
1006,0.5776407526212772,35.73383108918312
1007,0.30470612738865893,22.739942212601065
1008,0.02784448709300656,2.1392304741238237
1009,0.09893938694548424,9.171191721965585
1010,0.28838064029861554,10.170981254422227
1011,0.3850250027230984,40.04260028320223
1012,0.9239921663728111,70.00598954810118
1030,0.8577601605321357,89.2070566953421
1031,0.7798186861321964,8.671267074560754
1032,0.15352174458868748,6.592270003864444
1033,0.3554208680635499,2.8352409741269256
1034,0.4472828971955856,13.39174860678838
1035,0.31936336055622006,4.944556448189096
1036,0.2761722575146707,0.0
1037,0.5724573036681638,1.050382929099896
1038,0.32429422538564656,5.457267023845678
1039,0.046366771165706734,1.2548179664426715
1040,0.37093132460700273,32.01307910204586
1041,0.2187472463087191,9.201907051103145
1042,0.038725636463901154,3.26930394726676
1043,0.15203150604894494,2.8631364532892825
1044,0.11814885445837889,0.033435908013173074
1045,0.0012616027734830585,0.30278466563593404
1046,0.002622980087797719,0.18721904740822456
1047,0.23972520238700043,2.0695455322488
1048,0.40222530257015604,5.525778824818255
1049,0.6107224028809654,13.82939173676203
1050,0.6379134455573617,65.65343938286976
1059,0.9454362124262019,57.45763427176759
1060,0.2987590925428739,15.48724126722607
1061,0.5574307492146509,14.200145343815214
1062,0.5229987349075209,8.45063000839737
1063,0.41654539747418606,10.335439336920727
1064,0.015279701890525799,0.5678264560160354
1065,0.32274839368719704,4.327280789178282
1066,0.06236978805136463,0.5021372794015286
1067,0.7296222162059242,75.88071048541612
1068,0.7787306322206997,40.60041251845475
1069,0.5550760450954585,39.104523703294845
1070,0.4205283274453573,43.734946054317156
1071,0.3480314954356436,10.553369058867522
1072,0.4954979176378482,11.596895927964423
1073,0.009276844152294643,1.614170882499268
1074,0.0016701751636878062,0.4759999216510248
1075,0.10064205331555229,0.0
1076,0.09975826415808926,15.95634615803258
1077,0.5337896088052854,55.51411931574968
1078,0.4811018832890993,1.2422102203272787
1079,0.004884745127715803,0.0
1080,0.09896146077260468,0.0
1081,0.28160197798651265,2.7498417450675596
1082,0.0575619710206903,1.2971069373535853
1083,0.0,0.0
1084,0.46482188616136433,0.9681818898179229
1085,0.6436705722997045,8.497662892182559
1086,0.03459925074819769,0.1005235989976522
1087,0.1067664089665749,8.58350639616114
1088,0.357148364400267,20.805538846230036
1089,0.16019907122933885,3.4098607348822925
1090,0.5696755072410946,4.295054301147698
1091,0.27646444771882817,5.058676402599334
1092,0.06591069518288994,11.46846096182285
1093,0.047908199604624196,6.7722225095444
1094,0.12940112017067643,23.75614658581825
1095,0.0410112256006163,0.0
1096,0.1354224094755195,5.044074211918142
1097,0.039481917084071214,3.79516887429348
1098,0.18638177596533462,3.002493160542267
1099,0.05970118572387515,0.0
1100,0.12596710028109548,2.612372392048804
1101,0.20229162206091575,2.1001427838410556
1102,0.30532080195884836,24.194648017680983
1103,0.07685918981947844,7.993355741225757
1104,0.23620465675402583,24.565284302418686
1105,0.0832807141210476,0.4107721807718874
1106,0.150016075406207,18.630775861081364
1107,0.16406717551358233,5.0922806754806045
1108,0.21956854941645096,9.368938906547651
1109,0.19967659206208857,9.385887184178195
1110,0.050736337172096156,6.672651900913892
1111,0.2523938525622926,0.042888167735051934
1112,0.43585413762765224,0.9973760498537387
1113,0.46833350006904595,15.885380583138305
1114,0.24346104742150995,8.182757304335777
1115,0.6697582925501987,29.273633917147865
1116,0.13420527405260882,12.159632527586375
1117,0.6986012430828822,37.37216261897326
1118,0.29653954791802656,3.8435157339840558
1119,0.05006282469798735,10.062627764295456
1120,0.22817883603279376,2.9391493716503168
1121,0.20886497916954536,5.333323392718442
1122,0.022759550665526113,0.9699043467403313
1123,0.1822284644120213,0.0
1124,0.689065902872723,27.361029880823374
1125,0.58136665681185,22.860943232610975
1126,0.0847701803199075,0.12380869276078703
1127,0.2728131464559276,6.182260081276622
1128,0.1175526120059785,0.0
1129,0.5049213231580908,14.099941294375991
1130,0.319634032224286,5.9906524618433785
1131,0.013911521815309495,0.9740884121156106
1132,0.013703342613882813,1.4251476318438125
1133,0.0,0.0
1134,0.09967937909419795,0.0
1135,0.061508577490262256,0.0
1136,0.05172643592685687,4.756964038905129
1137,0.17447740869775427,3.238384030525136
1138,0.2960370474241604,4.2519474478464625
1139,0.13803489231530944,5.897494242443039
1140,0.003270591920504992,0.2534552990142391
1141,0.032819387322082554,1.5194163386767199
1142,0.013203253739531969,0.8181163029910309
1143,0.0,0.0
1144,0.003984993708633367,0.07143747719706231
1145,0.00020664396891905543,0.0
1146,0.06601158822699546,0.23943186745671702
1147,0.04206228269128235,5.426034467175423
1148,0.3180892573979165,0.0
1149,0.138335735663943,0.0
1150,0.27006876323666296,17.41379565202507
1151,0.40085682775872356,7.038238671415796
1152,0.6099845755197428,63.438395854053255
1153,0.8991633438506488,37.464326270781
1154,0.5855920297700558,32.90436750998995
1155,0.5408007261817299,13.141228104214301
1156,0.6556622685281069,7.022420428819126
1157,0.40703328399859073,30.70961451373393
1158,0.48470620021626165,5.480454195513576
1159,0.5333573974875193,26.630916290529147
1160,0.17875494492689412,8.23434667717507
1161,0.21118618285736313,19.999376102964256
1162,0.2586486096967825,0.0
1163,0.10246685448118628,19.697068722571466
1164,0.1693967662717554,1.0512177375139833
1165,0.14860536151035225,15.454957597076634
1166,7.672255419328123e-05,0.0
1167,0.11471460440905529,0.0
1168,0.11810349158478223,6.360220161335044
1169,0.19879758782106954,3.237420340490118
1170,0.16662089752542059,2.6580994112079077
1171,0.29526615922906463,0.0
1172,0.48745906640587267,8.906102259110858
1173,0.4109773504510577,14.05622926731142
1174,0.003025300765569188,0.12185749237238949
1175,0.36761688304918194,24.631879787407247
1176,0.8007874190347366,34.29347061348787
1177,0.330249228418796,2.414879155338581
1178,0.23988347090940063,0.0
1179,0.2902386451894959,0.0
1180,0.4065947551316964,5.078988254599967
1181,0.09323192555321175,7.06833443944602
1182,0.0,0.0
1183,0.4100018152606249,17.202472737907904
1184,0.7217230748410087,42.72289664975973
1185,0.41481860414495064,34.254583770018655
1186,0.35062778775668246,36.46528992669498
1187,0.053161632919135636,0.07874840921730974
1188,0.3502953250681899,0.6217560681306538
1189,0.4837474484048962,27.688538051894547
1190,0.10746275911243108,18.066038929055864
1191,0.521181641406021,6.282820023169688
1192,0.4815733264876342,10.178130590896153
1193,0.6867029339505328,35.48892781864391
1194,0.2640226738363167,1.4427898909398447
1195,0.15785448251799392,21.245503963510014
1196,0.16978570211964136,2.1907603433459193
1197,0.3689966386923843,4.84352630559094
1198,0.007529375515492349,0.38547671246585685
1199,0.09857758229017675,0.0
1200,0.1049996630908798,4.528548018225781
1201,0.05173445780571723,2.0235687138480802
1202,0.03408021952687164,1.08255336223225
1203,0.08572254034436,1.3267469017285427
1204,0.0,0.0
1205,0.1738698465986192,0.9377772926543199
1206,0.21455311181869205,21.49422998473576
1207,0.46872170765121784,35.69341631787129
1208,0.4839248127741473,10.652195825263696
1209,0.2844188043403635,29.579555651397804
1210,0.016176406894263477,0.0
1211,0.24476263219509858,0.12980278256748348
1212,0.01869031111599069,0.0
1213,0.02604182946232195,0.0
1214,0.005037963591011118,0.0
1215,0.02195000206222377,2.8315502660268663
1216,0.04760844482094956,4.3387760242693405
1217,0.15670653320068023,5.801612913372157
1218,0.37415820984528764,38.912453823909914
1219,0.03633258804442562,0.0
1220,0.0024562059837266604,0.08751628404116757
1221,0.0190668904999506,0.0
1222,0.022978775887506814,0.10606350901240613
1223,0.0663257047224806,6.897873291137983
1224,0.07427576171111647,2.136484531754836
1225,0.1498212339192313,18.819740125330192
1226,0.04626093744772468,1.1669003349999822
1227,0.3038280183008157,19.268286161754986
1228,0.07803892469218202,15.654492933495629
1229,0.29572094601577553,11.43460748555189
1230,0.18315992454632726,4.79806268756772
1231,0.42082080714633846,10.828528871460232
1232,0.06043000058528216,0.0
1233,0.1312309538766041,0.0
1234,0.19030300305724474,0.0
1235,0.005073565139404888,0.0
1236,0.004880675823413757,0.0
1237,0.16188827377570641,0.8116207941618432
1238,0.16987995261840644,11.977144450576503
1239,0.04605258493558233,5.881531187630742
1240,0.08784949028335523,10.294718266400658
1241,0.713603022221064,54.88985522487184
1253,0.7151253041411447,39.84146589617915
1254,0.7190760571038388,10.293816123090215
1255,0.3670001007793324,4.703805692714394
1256,0.37182109611921044,3.7540515249316813
1257,0.47660964994066035,0.10095665661782356
1258,0.26817112363416284,1.6392163920630565
1259,0.06616601647647291,0.0
1260,0.4505275751805784,19.566702994151825
1261,0.5766511465026328,25.478401240860133
1262,0.1794890494454681,0.0
1263,0.38642240254015436,2.7512669016861597
1264,0.42625266414340574,10.229570714489435
1265,0.09093489583201429,0.0
1266,0.00901784044280108,0.0
1267,0.35963711877745363,2.734676291872029
1268,0.24930625765744777,3.020746389019634
1269,0.0010203544803279187,0.0
1270,0.05478875511179526,0.03237259585547644
1271,0.4442015718177924,3.7149760975927317
1272,0.1986061382682896,0.8138533619271853
1273,0.003847823549054659,0.0
1274,0.09281029167986218,0.005166609843119278
1275,0.4909423222926704,12.624784491536296
1276,0.04948660659198536,2.673158748154905
1277,0.016560840343198917,0.5794316627408802
1278,0.5722187956038591,19.97318631278047
1279,0.36376593630299686,9.381335741601585
1280,0.0020152247574466904,0.0
1281,0.015375066337005163,0.0
1282,0.3766919038649247,12.55708783907177
1283,0.05099524524182663,5.567080408980614
1284,0.5572026220259981,5.756650599678905
1285,0.4755114481846343,9.802438800970963
1286,0.08484503558875323,0.16135071391117312
1287,0.0372479628407817,0.0
1288,0.4512849614585072,5.284628595438363
1289,0.47043593124721395,4.000167150125423
1290,0.0023087258464446515,0.0
1291,0.27629252209165933,0.02877056513031051
1292,0.3372970782405272,5.46404842137553
1293,0.014814063335476017,1.1128686463462996
1294,0.03348491159515766,0.0
1295,0.4176131874779341,16.827934608478774
1296,0.6497564168643507,33.99887304817756
1297,0.09636582765283914,0.0
1298,0.4045514947951129,4.665350749927163
1299,0.7380406600876868,30.866584326220213
1300,0.3037682840267711,5.106501098370304
1301,0.47122715249785707,11.647876178411268
1302,0.17965036599317882,3.0382925780558097
1303,0.47337938179495964,3.759706330828937
1304,0.2781409224570517,0.0
1305,0.0017286816064226963,0.0
1306,0.00469555849705583,0.0
1307,0.2773133778381739,1.3842616199793798
1308,0.07580544103041431,0.0
1309,0.00637178196243407,0.0
1310,0.1352774792674893,2.2451294284133536
1311,0.4071532584460728,3.390658535194224
1312,0.0009963867647845817,0.0
1313,0.0,0.0
1314,0.19945572300084694,3.1673893478617132
1315,0.06932066910163544,2.8666347492028073
1316,0.010858722236298817,1.8677002246433965
1317,0.21999089728087157,1.687493693314732
1318,0.16217370489076946,20.637915311617242
1319,0.06768383648294432,7.039118994226209
1320,0.1569609995586318,16.04313313503994
1321,0.05266523792683234,1.7557395417796342
1322,0.28134805083106595,3.853099850007949
1323,0.4577917891949513,22.993687965211137
1324,0.0691807559186263,9.851595813630878
1325,0.4577248423533579,6.392005186500648
1326,0.0,0.0
1327,0.10384637488082656,14.819218137258929
1328,0.6695890682236778,23.95724992477528
1329,0.288432892241061,5.341904176240381
1330,0.4664536271103276,22.528133975979966
1331,0.011255504103557266,0.8776425123544329
1332,0.43607307712638504,5.504655552697144
1333,0.15112425864357218,18.528988158989687
1334,0.20144104289437012,11.60458348822026
1335,0.061399173740741886,6.290689480716338
1336,0.07741441114281516,4.611955664049935
1337,0.2983697667812969,21.66948566596206
1338,0.21952072407642434,7.387087366890761
1339,0.06682331890727887,2.7294728863515445
1340,0.5921190483905422,4.059505164009828
1341,0.31535794225428676,11.580422734347351
1342,0.004664397537119429,0.0
1343,0.07558106137163481,0.1613121668906333
1344,0.49484974936015247,17.168836212782004
1345,0.018982566060322295,2.448751021781576
1346,0.19855440071277852,0.0
1347,0.007303650634917647,0.0
1348,0.028986747696163946,4.4946950323551444
1349,0.06801071513544357,1.2255756485596887
1350,0.14810271132035713,10.420461690654928
1351,0.010075141676753597,1.5616469598968075
1352,0.13318465550761333,8.089330023265228
1353,0.00014041802713314402,0.02415190066690077
1354,0.014543264125986829,1.5124994691026301
1355,0.0063827338355481695,1.282929500945182
1356,0.03473559838616829,0.0
1357,0.05641183674811225,0.33536635664902464
1358,0.018140768549929815,0.0
1359,0.09186974298242777,0.0
1360,0.19241585831675875,0.0
1361,0.27857293621508433,0.4781961580867181
1362,0.004193174446462955,0.0
1363,0.5361390712954909,23.380839701529315
1364,0.3491285512609879,51.260047926467706
