site,esm2_entropy
1,0.003894580528140068
2,1.4820057153701782
3,0.3253304362297058
4,0.2631368935108185
5,0.24741122126579285
6,1.4443411827087402
7,0.5920873880386353
8,0.010657589882612228
9,0.046613745391368866
10,0.0018642919603735209
11,0.13914665579795837
12,0.005825521424412727
13,0.19081264734268188
14,0.636634111404419
15,0.015715796500444412
16,0.41218477487564087
17,0.0026810932904481888
18,0.0658741146326065
19,0.05284586921334267
20,0.16451412439346313
21,0.238463893532753
22,0.8454046845436096
23,0.4976419508457184
24,0.7174409627914429
25,2.3607335090637207
26,1.2282731533050537
27,1.8598849773406982
28,2.1269328594207764
29,1.7186387777328491
30,1.2670822143554688
31,1.5481131076812744
32,2.1695079803466797
33,1.1930692195892334
34,1.6809684038162231
35,1.1500877141952515
36,1.795457124710083
37,1.8306300640106201
38,1.7359648942947388
39,1.6398696899414062
40,2.1103551387786865
41,2.5406241416931152
42,1.769441843032837
43,1.5708587169647217
44,1.5503265857696533
45,1.488499641418457
46,1.5221701860427856
47,1.8499009609222412
48,2.3344380855560303
49,1.4461743831634521
50,1.8699709177017212
51,1.9010313749313354
52,2.205230712890625
53,1.7687641382217407
54,1.410339117050171
55,1.2182624340057373
56,1.1506967544555664
57,0.8597560524940491
58,1.5773582458496094
59,1.001556396484375
60,1.336807131767273
61,1.1077589988708496
62,1.2968602180480957
63,0.09980310499668121
64,1.7705708742141724
65,0.813031792640686
66,0.07209349423646927
67,1.4419918060302734
68,0.95269775390625
69,0.14113599061965942
70,0.09388646483421326
71,1.3398185968399048
72,1.4168758392333984
73,2.077971935272217
74,0.1797725111246109
75,0.13549600541591644
76,0.5431696772575378
77,1.4192065000534058
78,0.012774856761097908
79,0.6700149774551392
80,2.652888059616089
81,2.0110156536102295
82,0.07930214703083038
83,2.1690590381622314
84,1.3699722290039062
85,0.39576423168182373
86,0.6485887169837952
87,1.7681214809417725
88,1.564211368560791
89,1.2117531299591064
90,2.114182949066162
91,1.5982658863067627
92,0.5496613383293152
93,1.3015004396438599
94,0.6199368238449097
95,1.533944845199585
96,1.1119582653045654
97,1.3193148374557495
98,1.2046375274658203
99,2.1917073726654053
100,1.5590671300888062
101,0.38639217615127563
102,1.9564509391784668
103,1.0557572841644287
104,1.6858054399490356
105,1.6490745544433594
106,1.0208783149719238
107,2.0937135219573975
108,1.3367345333099365
109,1.4443100690841675
110,1.7710692882537842
111,0.8597650527954102
112,0.8497669696807861
113,2.539499282836914
114,1.5981864929199219
115,1.6837736368179321
116,1.925124168395996
117,1.8908288478851318
118,1.5284008979797363
119,1.1898971796035767
120,2.102993965148926
121,1.5198049545288086
122,1.675594449043274
123,1.8305968046188354
124,1.0127685070037842
125,1.3358429670333862
126,2.0816540718078613
127,1.5925464630126953
128,1.5956933498382568
129,2.3168039321899414
130,0.8950566053390503
131,0.4075263440608978
132,0.3173864185810089
133,0.0668826699256897
134,0.19700509309768677
135,0.2289164960384369
136,0.14559975266456604
137,1.8104681968688965
138,0.059939950704574585
139,0.011208951473236084
140,0.15744391083717346
141,0.9444559812545776
142,0.20029687881469727
143,1.0960140228271484
144,0.8103430867195129
145,1.147384524345398
146,1.800537109375
147,0.9186714887619019
148,0.5434534549713135
149,1.7379167079925537
150,0.13824039697647095
151,1.3030672073364258
152,0.8964672088623047
153,1.586435317993164
154,0.5061035752296448
155,0.502466082572937
156,0.4937208890914917
157,0.050505440682172775
158,0.5814855694770813
159,2.0958666801452637
160,0.10416378825902939
161,0.7630373239517212
162,0.6899570226669312
163,0.06622108072042465
164,1.8387610912322998
165,0.006871531717479229
166,0.021447166800498962
167,1.1511054039001465
168,0.15231488645076752
169,0.3001888692378998
170,2.3025476932525635
171,0.6904889345169067
172,1.1414518356323242
173,0.9110409617424011
174,1.6310577392578125
175,1.0155142545700073
176,1.4914672374725342
177,0.9405441880226135
178,1.2713370323181152
179,1.4364776611328125
180,1.0274555683135986
181,1.8380438089370728
182,1.425648808479309
183,0.8850162625312805
184,1.4089487791061401
185,1.8439397811889648
186,2.429993152618408
187,1.4225330352783203
188,1.0170725584030151
189,1.7993255853652954
190,1.453920841217041
191,1.918215036392212
192,1.2124965190887451
193,1.1687320470809937
194,1.0616439580917358
195,0.7706776857376099
196,1.507070541381836
197,0.9167517423629761
198,0.9254130125045776
199,0.9597191214561462
200,1.879563331604004
201,1.7523860931396484
202,1.7997891902923584
203,1.6344568729400635
204,1.6036726236343384
205,1.9853894710540771
206,1.7969019412994385
207,1.1019154787063599
208,1.2673742771148682
209,0.8403781056404114
210,1.1706063747406006
211,1.4889857769012451
212,0.8426618576049805
213,1.4927417039871216
214,1.456633448600769
215,2.1591999530792236
216,0.8313270807266235
217,1.473376750946045
218,1.4500482082366943
219,1.8311488628387451
220,2.1807310581207275
221,2.1002776622772217
222,0.47884511947631836
223,1.1337978839874268
224,1.380022406578064
225,0.5171687006950378
226,0.6188324689865112
227,1.2016932964324951
228,1.337416172027588
229,0.4828077554702759
230,2.0450291633605957
231,2.164238929748535
232,1.119788408279419
233,1.3275816440582275
234,1.1271443367004395
235,1.8006752729415894
236,2.0802037715911865
237,0.9641861915588379
238,1.39467453956604
239,1.600376844406128
240,1.5810401439666748
241,0.6659443974494934
242,0.9842833280563354
243,1.022236704826355
244,1.4455264806747437
245,1.4396107196807861
246,0.6958044171333313
247,1.4347829818725586
248,1.0427405834197998
249,1.6464662551879883
250,1.9944640398025513
251,1.6544580459594727
252,1.7996668815612793
253,1.1168768405914307
254,1.660200595855713
255,2.2637693881988525
256,1.6764219999313354
257,1.5714070796966553
258,0.8074172735214233
259,1.8274859189987183
260,1.162674069404602
261,2.2047793865203857
262,1.6093788146972656
263,1.2210357189178467
264,1.5311107635498047
265,2.1752448081970215
266,0.6560074090957642
267,1.7685562372207642
268,1.1842213869094849
269,1.6419259309768677
270,2.052732229232788
271,2.2490832805633545
272,2.0866546630859375
273,1.6006056070327759
274,1.6931530237197876
275,0.7997369766235352
276,1.6206798553466797
277,1.380326747894287
278,0.5201744437217712
279,0.8367534875869751
280,1.295179843902588
281,1.360560417175293
282,0.9940704107284546
283,1.9708317518234253
284,1.1400279998779297
285,1.6850508451461792
286,1.609106183052063
287,1.490984320640564
288,0.9581934213638306
289,1.128506064414978
290,1.7617712020874023
291,1.5941458940505981
292,1.5325963497161865
293,1.6870707273483276
294,0.816659688949585
295,1.1206927299499512
296,1.3043674230575562
297,1.3282335996627808
298,1.1555231809616089
299,1.5961791276931763
300,2.049638032913208
301,1.640148639678955
302,1.080770492553711
303,1.497866153717041
304,1.2798298597335815
305,1.4653584957122803
306,1.1771312952041626
307,1.5727087259292603
308,1.9578282833099365
309,1.601750135421753
310,2.052978992462158
311,1.1277557611465454
312,1.399317979812622
313,1.9419240951538086
314,0.8044102191925049
315,1.5864673852920532
316,2.5672714710235596
317,0.6671030521392822
318,1.4425818920135498
319,1.2886754274368286
320,1.5102636814117432
321,2.3533599376678467
322,1.4707260131835938
323,0.6398699879646301
324,1.8737661838531494
325,1.4943031072616577
326,2.096116304397583
327,0.9104428291320801
328,2.339791774749756
329,2.154228687286377
330,1.574596643447876
331,1.508748173713684
332,1.117963194847107
333,1.6476542949676514
334,1.7700098752975464
335,0.6316465735435486
336,1.0359435081481934
337,1.536104679107666
338,1.3798713684082031
339,1.14044189453125
340,2.0913004875183105
341,1.436429500579834
342,1.5827665328979492
343,0.6959065198898315
344,1.089248538017273
345,0.4242485761642456
346,0.8290700316429138
347,1.7933218479156494
348,0.8683538436889648
349,0.7624356746673584
350,1.2992210388183594
351,1.2480453252792358
352,1.8043404817581177
353,1.2841565608978271
354,1.9184415340423584
355,1.6575660705566406
356,0.7621707916259766
357,1.342026710510254
358,1.667229175567627
359,1.989103078842163
360,1.755149245262146
361,1.748781681060791
362,1.8203628063201904
363,1.4969310760498047
364,1.997435450553894
365,1.7942367792129517
366,2.1501355171203613
367,1.923112392425537
368,1.3296852111816406
369,1.8488545417785645
370,1.037421464920044
371,0.8514364361763
372,1.0849177837371826
373,2.1172072887420654
374,1.2202188968658447
375,2.4342854022979736
376,1.068360686302185
377,0.7406426668167114
378,1.4083572626113892
379,1.2972548007965088
380,0.43435269594192505
381,0.41689297556877136
382,0.5414437055587769
383,2.3405539989471436
384,1.0999455451965332
385,2.0445504188537598
386,2.2569739818573
387,0.653535008430481
388,0.4859656095504761
389,0.41126352548599243
390,0.6885289549827576
391,2.0472731590270996
392,0.9516633749008179
393,0.3173222839832306
394,1.025032877922058
395,1.7803449630737305
396,0.9855945706367493
397,0.8264173865318298
398,1.2588649988174438
399,1.3196334838867188
400,2.1297056674957275
401,0.7434058785438538
402,1.56459379196167
403,0.18496093153953552
404,1.044832468032837
405,0.8776091933250427
406,1.5939733982086182
407,0.25431352853775024
408,0.06868522614240646
409,1.7658443450927734
410,0.08815280348062515
411,0.02298406884074211
412,0.2565048336982727
413,0.1474277228116989
414,0.7215996980667114
415,0.0978943258523941
416,0.5973374843597412
417,2.1484367847442627
418,0.009810524992644787
419,0.15458601713180542
420,2.1220502853393555
421,1.2787811756134033
422,0.07322639226913452
423,0.2574593424797058
424,1.9793514013290405
425,1.5830960273742676
426,0.0125588895753026
427,0.3386632204055786
428,1.2746902704238892
429,0.7330854535102844
430,0.03332185372710228
431,0.012947103008627892
432,0.0809657946228981
433,0.0560477077960968
434,0.2859489321708679
435,0.5956054329872131
436,0.3582412898540497
437,0.8493838310241699
438,0.23956836760044098
439,1.2950209379196167
440,0.3207235336303711
441,0.14864861965179443
442,0.7369863986968994
443,0.7597306966781616
444,0.3857145309448242
445,0.26144373416900635
446,0.06202927976846695
447,0.06045917421579361
448,0.137356236577034
449,0.031396642327308655
450,0.13816222548484802
451,0.13288189470767975
452,0.13398849964141846
453,0.010692380368709564
454,0.03744673728942871
455,0.0831647664308548
456,1.4253759384155273
457,2.1196579933166504
458,1.1915457248687744
459,1.0822997093200684
460,1.138974666595459
461,1.3623299598693848
462,1.3971679210662842
463,1.2363255023956299
464,0.04271392151713371
465,0.9365213513374329
466,1.5576834678649902
467,0.060132551938295364
468,0.258506715297699
469,1.0628726482391357
470,1.3335175514221191
471,0.8817719221115112
472,1.1275066137313843
473,0.30040863156318665
474,0.09735197573900223
475,0.02794654667377472
476,0.04527372121810913
477,0.021261094138026237
478,0.30201470851898193
479,0.26357796788215637
480,0.8639490604400635
481,1.833795428276062
482,0.47472912073135376
483,0.10344060510396957
484,0.4061937928199768
485,2.214911699295044
486,1.4128930568695068
487,0.17701919376850128
488,0.1985103338956833
489,1.1442198753356934
490,0.8521321415901184
491,0.020322859287261963
492,0.07410825043916702
493,1.0932908058166504
494,0.1691555231809616
495,0.20510530471801758
496,0.15405723452568054
497,1.3620631694793701
498,2.3674051761627197
499,0.7977733612060547
500,1.9156684875488281
501,1.3429458141326904
502,0.19294816255569458
503,2.02736759185791
504,1.0192005634307861
505,0.15597684681415558
506,0.43141892552375793
507,0.15352454781532288
508,0.10059016942977905
509,0.018725614994764328
510,0.19835487008094788
511,1.7344521284103394
512,0.20417150855064392
513,0.2762351930141449
514,0.5158196091651917
515,0.05346818268299103
516,0.08463217318058014
517,1.5102726221084595
518,0.21451984345912933
519,1.0058939456939697
520,0.6288956999778748
521,0.8606479167938232
522,0.2289985716342926
523,0.09808582067489624
524,0.07500266283750534
525,1.353439211845398
526,0.7930217981338501
527,0.6910942792892456
528,0.5562524795532227
529,1.8872075080871582
530,1.2827880382537842
531,1.588478446006775
532,0.7514228224754333
533,1.2656141519546509
534,2.522178888320923
535,1.4299508333206177
536,0.5556972622871399
537,1.4136292934417725
538,1.8785808086395264
539,2.112513542175293
540,0.08264530450105667
541,0.4406183660030365
542,2.229480028152466
543,0.2412342131137848
544,0.35304781794548035
545,0.22344458103179932
546,0.5325757265090942
547,0.8767642974853516
548,0.33559781312942505
549,0.8998844623565674
550,0.2968297004699707
551,1.0377681255340576
552,0.20164215564727783
553,1.4669890403747559
554,0.6009671688079834
555,1.4631679058074951
556,0.9209767580032349
557,0.8576164245605469
558,0.13860540091991425
559,0.25978100299835205
560,0.111052967607975
561,1.3635022640228271
562,0.21371077001094818
563,0.6968439817428589
564,0.3825048804283142
565,0.20348024368286133
566,0.8094922304153442
567,1.6072490215301514
568,1.2540183067321777
569,1.3746845722198486
570,0.4581049084663391
571,0.710227906703949
572,1.407715916633606
573,1.2094343900680542
574,2.559717893600464
575,1.8776047229766846
576,0.7580397725105286
577,1.4260940551757812
578,1.1391584873199463
579,1.5566846132278442
580,0.49759432673454285
581,0.9144932627677917
582,0.7390714883804321
583,1.3120440244674683
584,0.8294356465339661
585,1.0369478464126587
586,1.1604801416397095
587,1.0404270887374878
588,0.34566015005111694
589,1.158056378364563
590,0.2604331970214844
591,0.07279101014137268
592,1.6823111772537231
593,0.42806339263916016
594,0.06651157885789871
595,2.031332492828369
596,1.14851975440979
597,0.3137619197368622
598,1.4781385660171509
599,0.8653305768966675
600,1.0317775011062622
601,1.4340534210205078
602,0.4838566780090332
603,0.9012930393218994
604,1.207092046737671
605,1.0140628814697266
606,1.2251157760620117
607,0.8698804378509521
608,1.5953630208969116
609,1.8452837467193604
610,0.8946851491928101
611,1.2073336839675903
612,1.9785252809524536
613,0.9344320893287659
614,1.5743683576583862
615,0.7802102565765381
616,0.5400139689445496
617,0.3364628255367279
618,0.30773863196372986
619,0.3120523691177368
620,1.1273276805877686
621,1.0702762603759766
622,1.1986891031265259
623,0.8003658056259155
624,0.02854498103260994
625,0.6989529728889465
626,0.15870994329452515
627,0.1399592161178589
628,0.5919946432113647
629,1.602073073387146
630,0.4938846528530121
631,2.2904152870178223
632,0.32190051674842834
633,0.4592434763908386
634,0.48723459243774414
635,0.34501776099205017
636,0.2873578369617462
637,0.5735129117965698
638,1.7379183769226074
639,0.3517427444458008
640,1.1353435516357422
641,0.6709010601043701
642,0.9653916358947754
643,0.4648202359676361
644,0.5826156139373779
645,0.6558154821395874
646,0.9094305634498596
647,1.2779113054275513
648,1.9705758094787598
649,0.8838931918144226
650,1.498604655265808
651,0.17452850937843323
652,0.8904192447662354
653,1.910558819770813
654,2.1532044410705566
655,1.08730149269104
656,0.11600537598133087
657,0.8845988512039185
658,0.043533600866794586
659,0.04798908531665802
660,0.016914071515202522
661,0.06993918865919113
662,0.07319941371679306
663,0.01615501381456852
664,0.5331413149833679
665,0.1981954127550125
666,0.16256240010261536
667,0.283810555934906
668,1.0524579286575317
669,1.7325235605239868
670,0.46421369910240173
671,1.364241600036621
672,0.5365407466888428
673,0.9318397045135498
674,1.5133553743362427
675,0.6068955659866333
676,0.3556584417819977
677,0.44380730390548706
678,0.6281819939613342
679,0.41529837250709534
680,0.6025073528289795
681,0.3087465763092041
682,1.1445295810699463
683,0.6123442649841309
684,1.0497658252716064
685,1.245583415031433
686,0.8698548674583435
687,1.8909752368927002
688,1.7057719230651855
689,1.5773450136184692
690,1.04414701461792
691,1.1801351308822632
692,1.0930297374725342
693,0.8833953142166138
694,1.3660593032836914
695,0.9545765519142151
696,0.48402947187423706
697,0.5487964153289795
698,2.4281387329101562
699,0.4667886793613434
700,1.2193256616592407
701,1.0081160068511963
702,0.860042929649353
703,1.4668347835540771
704,1.3327778577804565
705,0.9927104711532593
706,0.6772499084472656
707,2.3724496364593506
708,0.7012581825256348
709,1.542161464691162
710,0.4687587022781372
711,1.151686191558838
712,1.9327224493026733
713,1.7489556074142456
714,1.370801329612732
715,1.475043535232544
716,1.7103731632232666
717,1.9910920858383179
718,2.2469992637634277
719,0.909291684627533
720,0.7538518309593201
721,2.312657594680786
722,0.6506780982017517
723,2.2394046783447266
724,0.9465683102607727
725,1.5547893047332764
726,1.2605890035629272
727,1.213684320449829
728,1.6775020360946655
729,0.8123618960380554
730,0.3042772710323334
731,0.046362683176994324
732,0.18960899114608765
733,1.4049370288848877
734,0.2082977443933487
735,0.08812759816646576
736,0.40991097688674927
737,0.16494041681289673
738,1.4266397953033447
739,0.039116017520427704
740,0.12375873327255249
741,1.1095377206802368
742,0.1574760526418686
743,0.09815321117639542
744,0.18855899572372437
745,1.0438778400421143
746,0.32787057757377625
747,0.44456326961517334
748,0.9278241395950317
749,0.31587788462638855
750,0.7281600832939148
751,0.2000483274459839
752,0.030595505610108376
753,1.7787598371505737
754,2.445620536804199
755,1.0622692108154297
756,0.047211963683366776
757,1.1428701877593994
758,1.8285918235778809
759,0.06394420564174652
760,0.3502221703529358
761,0.08994317054748535
762,0.004502447322010994
763,0.6018819808959961
764,0.09587259590625763
765,0.018640363588929176
766,0.36327698826789856
767,1.3308228254318237
768,1.2937495708465576
769,1.9169504642486572
770,0.8779507279396057
771,1.7327800989151
772,0.5075696110725403
773,1.3098294734954834
774,1.2470718622207642
775,0.5579642057418823
776,1.0954598188400269
777,2.1136703491210938
778,0.7988150119781494
779,0.43769174814224243
780,0.9799879789352417
781,1.9953689575195312
782,0.3508304953575134
783,1.1111525297164917
784,1.26702880859375
785,0.8899522423744202
786,0.5916125774383545
787,1.7998242378234863
788,1.6985081434249878
789,0.7169299721717834
790,0.6978931427001953
791,1.3205757141113281
792,1.2577306032180786
793,1.6462773084640503
794,1.1106760501861572
795,0.8151364922523499
796,0.7382603287696838
797,0.4555407166481018
798,0.44797518849372864
799,1.948615312576294
800,2.0769710540771484
801,1.064199835062027
802,0.9077873229980469
803,1.0134242475032806
804,1.4665673971176147
805,1.5906975269317627
806,0.435669407248497
807,1.303215742111206
808,0.5803497433662415
809,0.7488453686237335
810,0.12572290748357773
811,0.14258505403995514
812,0.10633664205670357
813,0.01745768915861845
814,0.06472384184598923
815,0.6476269364356995
816,0.4411243498325348
817,0.015532925724983215
818,0.7154085040092468
819,0.0843000803142786
820,0.32778678834438324
821,0.036112017929553986
822,0.37605343759059906
823,0.04638822562992573
824,1.377540946006775
825,0.9788250923156738
826,1.2456040382385254
827,1.3244100213050842
828,0.3919067531824112
829,0.42438147962093353
830,0.32989396154880524
831,0.6312075555324554
832,1.4236475825309753
833,0.16881825774908066
834,0.3557916432619095
835,0.7491142153739929
836,0.05678440257906914
837,0.08659953251481056
838,0.3065318167209625
839,0.02214256301522255
840,0.0193146918900311
841,0.06530101224780083
842,1.4355118870735168
843,0.02678716368973255
844,0.9935913980007172
845,0.1272178329527378
846,0.5637940615415573
847,0.893287181854248
848,0.3429170995950699
849,0.02056617196649313
850,0.05585400201380253
851,0.04722248576581478
852,0.5224188417196274
853,0.2475614994764328
854,0.005490841809660196
855,0.057202283293008804
856,0.06468243151903152
857,0.04472441039979458
858,0.5821756422519684
859,1.1880962252616882
860,0.518347978591919
861,0.8489244282245636
862,2.1318907737731934
863,0.0023567108437418938
864,0.13265836611390114
865,2.2205463647842407
866,0.015382567420601845
867,0.3545304983854294
868,0.18002688884735107
869,1.0745006501674652
870,0.6451704800128937
871,0.037805698812007904
872,0.3364776074886322
873,1.4170302748680115
874,0.4770176559686661
875,0.6953060328960419
876,0.9907122254371643
877,0.8444278240203857
878,0.3926236033439636
879,0.4637095034122467
880,0.8667893707752228
881,1.6605616807937622
882,0.5333608984947205
883,0.010824806522578001
884,1.8435876965522766
885,1.359872043132782
886,0.03961067833006382
887,1.4263548851013184
888,1.4012677669525146
889,0.9948642253875732
890,0.5442562401294708
891,0.16637496650218964
892,0.10484294220805168
893,0.4285442382097244
894,0.47388167679309845
895,0.685000866651535
896,0.0279850997030735
897,0.551087811589241
898,0.9385427236557007
899,0.39792056381702423
900,0.0901699960231781
901,1.0636725425720215
902,0.3590106815099716
903,1.9041160345077515
904,1.5064645409584045
905,0.7303898632526398
906,1.8313233256340027
907,1.8016315698623657
908,0.3950650691986084
909,0.42423318326473236
910,0.3052900433540344
911,2.1457433700561523
912,0.41254518926143646
913,0.25948366522789
914,1.364230453968048
915,1.3378188610076904
916,0.031594373285770416
917,0.09399629384279251
918,0.8985446691513062
919,0.008727262960746884
920,0.18691827543079853
921,0.02914992719888687
922,0.16328226774930954
923,0.13158175721764565
924,0.054534221068024635
925,0.10368172638118267
926,0.03579545579850674
927,0.18119234591722488
928,0.6270424723625183
929,0.1121961772441864
930,2.216160535812378
931,0.23065128922462463
932,0.328119233250618
933,1.3844040036201477
934,0.7711570858955383
935,0.1576012820005417
936,1.815551519393921
937,1.3192254304885864
938,2.12072217464447
939,1.644243836402893
940,1.9469945430755615
941,2.0305646657943726
942,1.1800666451454163
943,1.2380878925323486
944,0.38969646394252777
945,0.3636113107204437
946,0.46162405610084534
947,1.129482388496399
948,0.767501950263977
949,1.1617536544799805
950,1.5747158527374268
951,1.1709187030792236
952,0.8728146851062775
953,1.8646547198295593
954,0.36986401677131653
955,0.18021436035633087
956,1.8322066068649292
957,0.45265254378318787
958,1.3502753376960754
959,0.45119789242744446
960,0.26736605167388916
961,1.0289077162742615
962,0.6250615864992142
963,0.4390348941087723
964,0.20762916654348373
965,1.1237876415252686
966,0.14493560791015625
967,0.020014415495097637
968,0.2221095860004425
969,2.1185553669929504
970,0.5140101909637451
971,1.7109915614128113
972,1.0157054662704468
973,1.0372492969036102
974,0.03379453718662262
975,1.1564642786979675
976,0.01715683424845338
977,0.35515885055065155
978,0.72227942943573
979,0.19058506190776825
980,1.0526962876319885
981,0.5130783319473267
982,0.024810295086354017
983,0.03228194545954466
984,0.09158431738615036
985,1.4283149242401123
986,0.011980195995420218
987,0.05804435908794403
988,0.38836669921875
989,0.23601838946342468
990,0.4592147618532181
991,0.10125201568007469
992,0.4438316375017166
993,0.22502993047237396
994,0.1135965846478939
995,2.1325690746307373
996,1.1271510124206543
997,0.4110008478164673
998,1.1217908263206482
999,0.30696994066238403
1000,0.5373742133378983
1001,0.3111248314380646
1002,0.07580476254224777
1003,1.3444937467575073
1004,0.1924031525850296
1005,2.3453269004821777
1006,1.5012242794036865
1007,1.7803369760513306
1008,0.687802255153656
1009,1.5486241579055786
1010,1.4794269800186157
1011,1.3868958950042725
1012,0.9335031509399414
1013,2.011023998260498
1014,1.0233262777328491
1015,1.979884386062622
1016,2.362748146057129
1017,0.8475533723831177
1018,1.6026180982589722
1019,1.6916019916534424
1020,0.6534584760665894
1021,2.47123122215271
1022,1.1033673286437988
1023,1.4558119773864746
1024,0.9699967503547668
1025,1.8505887985229492
1026,1.3456799983978271
1027,1.9622902870178223
1028,1.0528440475463867
1029,1.4228487014770508
1030,1.8145960569381714
1031,0.7591241002082825
1032,1.7336946725845337
1033,1.7472295761108398
1034,1.770289421081543
1035,0.9723336100578308
1036,2.2096517086029053
1037,2.2646350860595703
1038,1.7929255962371826
1039,1.8407692909240723
1040,1.158247709274292
1041,1.237303376197815
1042,1.5806657075881958
1043,2.60726261138916
1044,1.1098318099975586
1045,2.337857723236084
1046,2.0631682872772217
1047,1.2899677753448486
1048,1.4735981225967407
1049,0.5328790545463562
1050,1.0202542543411255
1051,1.186493992805481
1052,0.6372576951980591
1053,1.3153446912765503
1054,0.27727800607681274
1055,0.11951024830341339
1056,0.6156604290008545
1057,0.8709958791732788
1058,1.2816256284713745
1059,0.8284279108047485
1060,1.4860903024673462
1061,2.1616876125335693
1062,1.1292476654052734
1063,1.166756272315979
1064,1.389474630355835
1065,1.7152398824691772
1066,0.7302933931350708
1067,2.12868070602417
1068,0.7484961152076721
1069,0.40814846754074097
1070,0.26104438304901123
1071,0.23889482021331787
1072,0.7840005159378052
1073,0.6553550362586975
1074,2.5872459411621094
1075,2.0271968841552734
1076,0.6704915165901184
1077,2.120589256286621
1078,2.1541988849639893
1079,1.9680843353271484
1080,1.4708489179611206
1081,1.5708955526351929
1082,1.438828468322754
1083,0.6634072065353394
1084,1.1829290390014648
1085,0.46767091751098633
1086,1.0630897283554077
1087,0.274591863155365
1088,1.100937843322754
1089,2.2692465782165527
1090,2.293114185333252
1091,2.0713658332824707
1092,1.0439784526824951
1093,1.640723705291748
1094,0.6235651969909668
1095,0.7442589998245239
1096,1.0599578619003296
1097,0.711396336555481
1098,1.2735731601715088
1099,1.837069034576416
1100,2.0761055946350098
1101,2.1357908248901367
1102,1.7630343437194824
1103,1.5222480297088623
1104,2.336395740509033
1105,0.9700902700424194
1106,1.8910759687423706
1107,1.00303053855896
1108,1.4003528356552124
1109,1.2902414798736572
1110,0.7670853137969971
1111,1.1092406511306763
1112,2.42303729057312
1113,1.2257945537567139
1114,1.88026762008667
1115,1.6177009344100952
1116,1.5508290529251099
1117,1.5202643871307373
1118,1.1403560638427734
1119,1.081860899925232
1120,0.7263938188552856
1121,1.3598781824111938
1122,1.8905186653137207
1123,1.1396797895431519
1124,0.8824711441993713
1125,1.5399978160858154
1126,2.7237448692321777
1127,1.0534873008728027
1128,1.6838971376419067
1129,0.7103441953659058
1130,0.7075217962265015
1131,0.2622990012168884
1132,0.17523527145385742
1133,2.4369468688964844
1134,0.6992402672767639
1135,1.393917202949524
1136,1.2057982683181763
1137,1.942977786064148
1138,1.637458086013794
1139,1.8806071281433105
1140,1.2286927700042725
1141,2.2103805541992188
1142,1.769968032836914
1143,1.437822699546814
1144,1.8134092092514038
1145,1.4089909791946411
1146,1.8647745847702026
1147,1.751522183418274
1148,0.8594321012496948
1149,1.971040964126587
1150,0.6109975576400757
1151,0.590789258480072
1152,0.8019700050354004
1153,0.34923428297042847
1154,1.995858907699585
1155,0.9277217388153076
1156,0.7106242775917053
1157,1.1008505821228027
1158,1.519810676574707
1159,1.27695631980896
1160,1.0290741920471191
1161,0.8209208846092224
1162,0.44277334213256836
1163,0.7021994590759277
1164,1.498335599899292
1165,1.4527407884597778
1166,1.7720928192138672
1167,1.6580703258514404
1168,1.9058881998062134
1169,2.651691436767578
1170,1.0328454971313477
1171,1.9881442785263062
1172,1.5614898204803467
1173,1.8128244876861572
1174,1.4605987071990967
1175,1.2808287143707275
1176,0.8529546856880188
1177,1.6072264909744263
1178,2.327148914337158
1179,1.1842985153198242
1180,1.2958253622055054
1181,0.9886228442192078
1182,0.3951168954372406
1183,1.2285850048065186
1184,1.3298190832138062
1185,0.8540027141571045
1186,0.7924927473068237
1187,1.1130313873291016
1188,0.7768755555152893
1189,1.4189879894256592
1190,1.5249959230422974
1191,1.0008257627487183
1192,0.9577198624610901
1193,1.1632859706878662
1194,1.8720228672027588
1195,1.6344883441925049
1196,1.6616160869598389
1197,1.0696072578430176
1198,1.2505176067352295
1199,1.5257935523986816
1200,1.1367573738098145
1201,1.7548470497131348
1202,1.6113412380218506
1203,1.2020258903503418
1204,1.4605145454406738
1205,0.8544297814369202
1206,1.0395450592041016
1207,0.8857961297035217
1208,0.70747971534729
1209,0.49415701627731323
1210,1.6694223880767822
1211,0.8846010565757751
1212,1.5089974403381348
1213,2.2225379943847656
1214,0.8551230430603027
1215,1.7485082149505615
1216,1.5963131189346313
1217,1.8119043111801147
1218,2.276132345199585
1219,1.1886813640594482
1220,0.9455151557922363
1221,2.1275014877319336
1222,0.8711728453636169
1223,1.7028224468231201
1224,1.6512640714645386
1225,1.7079386711120605
1226,1.0231528282165527
1227,1.9699146747589111
1228,0.9095339179039001
1229,2.0874340534210205
1230,1.4257402420043945
1231,1.2639052867889404
1232,1.70094633102417
1233,1.7743229866027832
1234,1.4444810152053833
1235,1.8219928741455078
1236,1.4319636821746826
1237,1.6869330406188965
1238,0.9555861353874207
1239,1.6585723161697388
1240,1.6977763175964355
1241,2.481551170349121
1242,0.784193217754364
1243,0.9622454047203064
1244,0.7752822637557983
1245,0.6149018406867981
1246,0.8354830145835876
1247,2.182652235031128
1248,1.749211311340332
1249,2.2465925216674805
1250,1.8198837041854858
1251,1.9397474527359009
1252,2.082582712173462
1253,0.9214614033699036
1254,1.8278816938400269
1255,0.9487418532371521
1256,1.502648115158081
1257,1.1760274171829224
1258,0.7673571705818176
1259,1.1674938201904297
1260,0.6877716779708862
1261,1.4552217721939087
1262,2.231121063232422
1263,0.7743302583694458
1264,2.467315912246704
1265,1.6545614004135132
1266,0.9873155355453491
1267,0.9870617389678955
1268,0.9963726997375488
1269,1.415489912033081
1270,1.6285089254379272
1271,1.1275317668914795
1272,1.7995822429656982
1273,1.739192008972168
1274,1.6375340223312378
1275,1.29239821434021
1276,2.2142417430877686
1277,1.6460158824920654
1278,0.977566123008728
1279,1.7496867179870605
1280,2.0691611766815186
1281,1.8306899070739746
1282,1.2879538536071777
1283,1.959719181060791
1284,1.074171781539917
1285,1.7495448589324951
1286,1.4615648984909058
1287,1.1431622505187988
1288,1.005888819694519
1289,0.7489485740661621
1290,0.9634708166122437
1291,0.8099934458732605
1292,1.4328584671020508
1293,1.5041933059692383
1294,1.0474778413772583
1295,1.5885796546936035
1296,0.6706174612045288
1297,2.3759562969207764
1298,1.6300415992736816
1299,0.8075003623962402
1300,0.7477877140045166
1301,2.2311513423919678
1302,1.3727918863296509
1303,1.6183160543441772
1304,0.7598914504051208
1305,1.8482818603515625
1306,1.6726326942443848
1307,0.9157317280769348
1308,1.6277716159820557
1309,1.2370266914367676
1310,1.5569651126861572
1311,2.156749963760376
1312,1.6230154037475586
1313,1.6741187572479248
1314,1.7834093570709229
1315,1.5125948190689087
1316,1.8516380786895752
1317,1.471910834312439
1318,1.560176134109497
1319,1.9272528886795044
1320,1.8432461023330688
1321,2.3304271697998047
1322,1.9139645099639893
1323,1.5898499488830566
1324,1.9990290403366089
1325,1.0228952169418335
1326,1.5911829471588135
1327,1.2582569122314453
1328,1.5248819589614868
1329,1.769806981086731
1330,1.6782256364822388
1331,1.4227031469345093
1332,1.2857320308685303
1333,1.7893530130386353
1334,0.6605465412139893
1335,1.6673792600631714
1336,1.5702745914459229
1337,1.8169986009597778
1338,1.4322762489318848
1339,2.003537654876709
1340,0.6108728647232056
1341,0.704947292804718
1342,1.507447600364685
1343,0.9412403106689453
1344,1.370071291923523
1345,1.3754839897155762
1346,2.2152717113494873
1347,1.34614896774292
1348,1.7340583801269531
1349,2.383608341217041
1350,1.670676350593567
1351,2.085219383239746
1352,1.272630214691162
1353,1.8914201259613037
1354,1.623529314994812
1355,1.4413337707519531
1356,2.098846912384033
1357,1.3164894580841064
1358,1.9003255367279053
1359,2.16536545753479
1360,1.3142344951629639
1361,1.4153521060943604
1362,0.8556529879570007
1363,1.0556377172470093
1364,1.8075224161148071
1365,0.943636417388916
1366,1.8461216688156128
1367,1.5986518859863281
1368,1.8201872110366821
