site,apo_holo_disp
1,
2,
3,
4,0.7438144460727925
5,0.5481891167819279
6,0.48275279135978816
7,0.3768765687988671
8,0.3808542056235596
9,0.37756297331096117
10,0.5552149946844988
11,0.5130801604592213
12,0.5204945458966831
13,0.5971126076852874
14,0.7958232214367585
15,0.6317797160843522
16,0.40936172415552113
17,0.2822582376588952
18,0.13715682737549378
19,0.4062629688178203
20,0.3939815762905506
21,0.540176577329126
22,0.5830548381943544
23,0.9753575629269954
24,0.8871319652696389
25,0.6655569118816855
26,0.5584115451850632
27,0.4820506902291813
28,0.5278858292722036
29,0.4729405850544033
30,0.4512439877609604
31,0.5483760279555757
32,0.3450200715501639
33,0.45894375733466025
34,0.5915976759578642
35,0.9997520520309261
36,1.313977836539575
37,1.5800074344401631
38,1.7715010722384956
39,1.9156768774223174
40,0.7829692707594068
41,0.5903941264890505
42,0.9930200905431064
43,0.8971235147367499
44,0.6904114854729864
45,0.39216735099515393
46,0.3522187931795158
47,0.2349832335452077
48,0.11597756950993246
49,0.21655842788455137
50,0.33954381941789474
51,0.467187425202539
52,0.49029414913625075
53,0.7832697500425311
54,1.2153274163338426
55,2.992943734389082
56,5.77316178514584
57,7.586281699813789
58,12.271763689641665
59,13.310226967428852
60,17.038222400619187
61,14.008286255618344
62,11.160492302465403
63,16.138354170857152
64,18.936482478414767
65,16.571700792202524
66,16.07577703825933
67,16.417838223810435
68,20.54857364813682
69,21.86999166876293
70,23.62819686157016
71,27.093829821531664
72,29.520093785087468
73,30.662958904202032
74,33.155880746676736
75,36.555684434429644
76,38.12217866196919
77,39.653681610699635
78,43.19046790640246
79,45.70443201325674
80,46.120566359852084
81,48.88431569852251
82,52.17289020129118
83,53.33083897536408
84,54.239536735969956
85,57.93620723245162
86,60.23774705897449
87,59.79392616427002
88,64.83278517979504
89,67.74441048444915
90,64.9254596307071
91,65.68595109824948
92,71.0251053302285
93,70.7614064651446
94,67.01333462178764
95,64.79928123478977
96,60.47399742696638
97,59.9369583024167
98,54.834733434749126
99,53.32752709716686
100,55.361961316303166
101,51.99596319166756
102,45.838672637950346
103,46.98891844219047
104,
105,
106,
107,
108,
109,
110,
111,
112,
113,
114,
115,
116,57.230361009314805
117,57.18675092787047
118,59.83473861964689
119,65.27186983069227
120,67.03921017651035
121,71.42774696396098
122,72.38680746492739
123,76.58751728215849
124,73.54582001105993
125,68.30015429116013
126,70.9552404346009
127,73.6993994525211
128,68.8955278458806
129,65.98410607311403
130,70.31613228749812
131,70.7236661713248
132,65.33942061838086
133,62.54277865300468
134,57.888006899467
135,56.39169992335048
136,56.67112934089107
137,61.9931618572487
138,62.8772063169161
139,60.0669793129104
140,62.830985102790464
141,67.80390018153206
142,66.85321221757103
143,65.63276499507401
144,69.70987087045118
145,73.92987268853686
146,77.69877251614555
147,79.13331349293337
148,77.43569504700925
149,73.04027488053481
150,71.49624279071114
151,67.71024474877284
152,64.07069503704525
153,64.21635902161796
154,63.46473067294629
155,59.04485675958674
156,56.865352526251186
157,56.95147463665108
158,55.19123843362351
159,51.03653122058422
160,49.53470388468067
161,49.33181523863421
162,46.81838885704518
163,42.964754984230424
164,41.39251765508368
165,42.649841117709016
166,39.331164877304055
167,36.424102989396616
168,37.93452749783055
169,35.84951330201646
170,40.62464857664423
171,44.268755984625635
172,49.524646128434895
173,52.374328178862456
174,51.898312193017595
175,57.03048292926291
176,56.9736596533025
177,58.123206615388156
178,56.72285833062291
179,57.66268451700944
180,55.8846105507772
181,50.31693853870387
182,53.24309622356276
183,56.81991712583688
184,51.50280984827575
185,47.516732275084095
186,52.865092409934256
187,53.69205812976304
188,47.14919553471642
189,48.05403096423508
190,54.40687925516155
191,52.84991772131433
192,47.64528388308468
193,52.01126334323109
194,56.959757696777466
195,52.82466489623503
196,50.78712512618491
197,56.29680125621408
198,53.606218012049716
199,48.1684191894033
200,49.33914795142163
201,45.64728361191617
202,49.40532392211083
203,50.638029189368424
204,52.84224574660858
205,54.78184261947003
206,48.795993713639284
207,50.26311311033156
208,46.090587191791734
209,49.06521929627317
210,48.792111501382635
211,42.30328995748216
212,39.91605836313199
213,43.75088323681588
214,43.71190016760205
215,42.101947185560114
216,36.52523057109248
217,29.98276978327144
218,27.176550414425897
219,23.528682918422927
220,28.09287792518337
221,32.11231311369097
222,28.385122138891692
223,27.008251667757026
224,33.27720336600762
225,35.19826620355964
226,31.83055604921194
227,32.44762520355607
228,38.7035398891938
229,37.42979937333985
230,35.394169134906356
231,32.303577327999875
232,31.05137535590971
233,25.484873088782482
234,23.216895831001175
235,22.087037659260567
236,27.636400283780116
237,32.01013840294631
238,34.00565636730877
239,28.50159508908845
240,26.566078600996708
241,31.775223597829108
242,31.677767396805113
243,25.75173165052513
244,27.247723175306888
245,32.20893391220782
246,29.391216834154807
247,25.062465036304076
248,20.589712391259187
249,18.663396919619323
250,20.56124381574758
251,22.78613129023649
252,28.33707327866152
253,30.52835750859369
254,29.272064902411074
255,32.42748811607349
256,37.65541135667979
257,38.1946906901832
258,37.946867963534295
259,38.38382160550035
260,35.4045027416974
261,29.046322456607026
262,28.941691743490345
263,23.687826358303226
264,24.650815581130946
265,22.375126501469175
266,26.82556064756978
267,23.501076152579916
268,20.90206465259153
269,23.44807601779529
270,26.097145912999093
271,28.301212257980715
272,34.22078074838175
273,34.72281815467802
274,31.784160305730605
275,35.607363621829485
276,40.79299775744899
277,39.92569437475312
278,38.48266403506021
279,44.22103420630878
280,47.91337721683805
281,45.859189259912625
282,45.992422064703156
283,51.388611769791936
284,52.15041046696953
285,54.03761866276811
286,47.35899382412664
287,47.083683879572646
288,49.78463509740923
289,44.68626803423473
290,39.89915816518547
291,44.35531773751314
292,45.544130941964596
293,38.80662393340146
294,38.569646263353135
295,44.62513452386049
296,42.977422697793884
297,37.39607431887658
298,41.212569015517786
299,46.125880689666744
300,41.79809739651049
301,38.917764056627846
302,44.52109348085254
303,47.449270189366956
304,45.43943540888264
305,48.09209780969243
306,53.81304635613083
307,56.70732343192519
308,60.29413268250487
309,
310,65.59944695421242
311,69.49587641328665
312,68.55249770400765
313,65.78316682288414
314,63.566497589080534
315,59.595365856286286
316,56.79113531547538
317,52.323845212531424
318,55.527314982893614
319,58.7027113449866
320,54.27350668150062
321,53.121177028901286
322,58.59667999758937
323,58.55805238168978
324,54.37947563377973
325,57.464587880981206
326,62.27537451433811
327,59.85603671117435
328,57.71688117902821
329,62.54313797280304
330,65.55329925997695
331,61.851477794909115
332,62.55088148597154
333,68.33104110907816
334,67.77909054059987
335,64.29785904205444
336,67.97221978162068
337,72.43198703159909
338,69.88342766881436
339,68.84819978426712
340,74.23448550563207
341,76.53083311645705
342,73.3247286475043
343,71.01055311888655
344,73.79407488296773
345,72.54659779399896
346,67.05753946012445
347,68.10865653801399
348,68.14628331398929
349,62.99157560628312
350,60.36183707774661
351,62.31901498873415
352,63.22877695845631
353,59.674442030162226
354,54.251440079076524
355,52.28662746451249
356,53.20356443731425
357,48.936169275310405
358,53.4911328524465
359,54.50627966525502
360,55.910872675938634
361,50.820037582902245
362,48.154422786099566
363,50.72301581053028
364,51.00797056362153
365,47.31967535270027
366,41.74354698392667
367,42.032927554166385
368,38.23188925287635
369,40.08003629150993
370,37.27656947095978
371,40.21581359536975
372,45.21076508793124
373,44.369570435252356
374,43.2899743511084
375,48.46598262702194
376,51.926893134955314
377,49.31063229726022
378,52.550565153585886
379,57.19710215785935
380,56.64830746787647
381,55.54407517679177
382,59.82111022641509
383,63.57735891890397
384,64.3216440536828
385,
386,62.44198511470533
387,58.11766457147623
388,57.19447056334571
389,55.64525811284508
390,51.18756342629531
391,49.28034920138987
392,49.26685897044259
393,46.0871823006676
394,42.19073223218752
395,42.48779361870485
396,41.48989045963149
397,46.61457562487965
398,50.22461104044889
399,51.50667754333559
400,47.7189431202058
401,47.06478108921889
402,46.95680657786622
403,42.03722685943247
404,38.72265991568716
405,38.32598090231807
406,35.59096592798863
407,35.32363591259048
408,31.832274838984233
409,35.76802181109195
410,40.16534904116432
411,41.40614883649126
412,43.97800711727767
413,48.48791237810706
414,50.129981339239016
415,50.23329522755969
416,52.56496053345192
417,56.550617849693005
418,57.91414568925101
419,57.53518542095928
420,60.98182341196678
421,64.30121347719718
422,64.67219424978545
423,65.41078779010881
424,69.51549192257617
425,71.78319579401631
426,71.89679874090072
427,72.51746864135409
428,78.19689195097249
429,77.7623134840001
430,74.06406718371233
431,74.75139061528274
432,69.68537657475426
433,67.43611997552657
434,70.4216254534829
435,68.98523680915882
436,63.64873155752197
437,63.35036404680412
438,60.62047350610819
439,57.03991607279568
440,55.812706993184335
441,54.869772468547524
442,51.872716093573594
443,48.60070220396683
444,47.21967881203849
445,46.97320733476608
446,43.71766331323743
447,39.550435560494826
448,
449,
450,
451,
452,
453,
454,
455,
456,
457,
458,
459,
460,
461,
462,
463,
464,
465,
466,
467,
468,
469,
470,
471,
472,
473,
474,
475,
476,
477,
478,
479,
480,
481,
482,
483,
484,
485,
486,
487,
488,
489,
490,
491,
492,
493,
494,
495,
496,
497,
498,
499,
500,
501,
502,29.100655880655804
503,24.54662298370812
504,20.203062883460838
505,24.6573170032203
506,25.91943750356076
507,32.76704021936894
508,37.91230047501795
509,40.96274365427989
510,47.3591172854051
511,51.01384989643737
512,47.96806604689323
513,53.63161300671371
514,52.04243867781999
515,50.94012298330686
516,57.57698783829919
517,60.6253204078095
518,57.57033802982093
519,59.96524582278487
520,66.94533165904085
521,67.28694298239574
522,64.10530298959321
523,69.38097195546455
524,74.9418873748472
525,73.443893813575
526,74.96424761032065
527,82.02089793219945
528,
529,
530,
531,
532,
533,
534,
535,
536,
537,
538,
539,86.69870941595308
540,85.98331825045389
541,85.43294513266143
542,81.35841190537735
543,86.56606853548733
544,88.40744834910727
545,81.36674060203211
546,80.12256757166166
547,86.68400656634998
548,85.15593685346268
549,78.45792287205242
550,80.58883560229177
551,86.96056189663155
552,85.17760636287916
553,77.82163419424663
554,76.45129004286323
555,82.25224162264985
556,82.33637439301206
557,76.89301776896095
558,79.60125766360169
559,83.613808645149
560,88.89297938524365
561,92.18843527184305
562,98.9282859718166
563,96.1186597186805
564,93.45993228950302
565,100.17198864050393
566,104.27315938533125
567,99.91549269656052
568,99.38774005337672
569,104.85425085975683
570,108.16589686812944
571,
572,
573,
574,
575,
576,
577,
578,
579,
580,
581,
582,
583,
584,
585,
586,
587,78.92381867771839
588,73.01120050517419
589,68.52076546168298
590,69.32279183525593
591,66.25085116697096
592,65.43956460669838
593,59.49305167072301
594,63.296680794962995
595,68.51886997647127
596,63.84147704850157
597,60.05503445857305
598,66.6539524118434
599,68.41263328383353
600,61.92993290216745
601,61.53727942641263
602,68.68807414109385
603,67.98887647540052
604,70.70772481325785
605,70.4871748044056
606,63.037771005685414
607,62.58299804742648
608,67.05810560920607
609,64.20344546916164
610,60.40038005528832
611,56.14574300413182
612,53.22332124561625
613,51.767463720879114
614,44.6889012423
615,43.5763511164149
616,47.540235482254886
617,43.61007867667497
618,37.406454100654535
619,40.7140286541
620,43.39575665121201
621,36.531534422132964
622,34.36929828063183
623,40.64480626724026
624,39.604204063425456
625,32.542686751367704
626,34.144701581544226
627,40.2535592381339
628,38.22760106815567
629,40.16204580476178
630,34.65921358051601
631,29.61917909836351
632,33.981064466490075
633,34.05064223169056
634,26.88948393319506
635,28.4567143981667
636,34.48466349611474
637,31.264145805148022
638,32.584657504765346
639,39.637473261066674
640,40.19069797724215
641,43.649298062086935
642,49.0409781104559
643,51.78980477996424
644,53.566038033704224
645,49.8582711178919
646,55.77004425116863
647,55.19799192457747
648,47.96287577870106
649,49.91866857570729
650,55.178645505392794
651,50.29367635508563
652,46.034922351040656
653,52.180748829903386
654,52.97661392631674
655,49.797152841234784
656,48.725131563474385
657,46.82891997468941
658,45.31819442855736
659,40.61812175272475
660,43.02840497978667
661,40.45382612624377
662,39.52139064448141
663,36.310713377087005
664,39.744177564957354
665,38.532747269888006
666,41.02417927614487
667,47.14929227367776
668,49.12835071168032
669,44.55528288727192
670,45.7181470698918
671,52.41269176246975
672,55.72677171098165
673,58.65133258965803
674,
675,
676,61.688034146568114
677,61.13808655236272
678,55.429084690489496
679,54.71348766327463
680,58.27877755884217
681,63.59470115883797
682,64.70825301801729
683,65.46209404846908
684,70.13349079921801
685,73.95138833036658
686,72.64601478160219
687,79.66578062850392
688,81.9097740613862
689,75.51831760579287
690,73.71833177641253
691,66.62570329123604
692,62.193491895141086
693,55.513921930975215
694,52.65868031425615
695,56.519078245668105
696,54.953599869295765
697,47.68176713938881
698,48.33337854774675
699,53.768178350552745
700,52.31385874764814
701,58.82761239716095
702,56.00937574168588
703,50.44579637198363
704,46.66395270512457
705,42.84460843948499
706,40.53928021896354
707,38.955758581215754
708,34.71574079497171
709,31.327952689075254
710,29.394340500710175
711,
712,
713,
714,
715,
716,
717,
718,
719,1.2247211246656942
720,1.0205506032005336
721,0.9523237137447678
722,0.8563395927594104
723,0.8744999845833785
724,0.8643264108171973
725,0.8688559350061564
726,1.297836092564696
727,1.207468032255052
728,1.5332555625585842
729,1.649546262884966
730,1.7723022318149302
731,1.6297135905227131
732,1.4321189206132139
733,0.8659703899563868
734,0.7112577128814574
735,0.7808374758085062
736,0.7751946562003371
737,0.563598484602178
738,0.49157844210134466
739,0.46453996104365747
740,0.32937624647496183
741,0.4412642949262006
742,0.36408760054667505
743,0.1291253774987477
744,0.09627000230643586
745,0.09633284929415183
746,0.1825485332817377
747,0.19026655556749697
748,0.38923864371722844
749,0.49954016358022313
750,0.3942641257426136
751,0.4251312764306832
752,0.5121308518972685
753,0.43255358861832305
754,0.4243036158016276
755,0.3942486266320255
756,0.5997623662996072
757,0.8758308972117872
758,0.5833726829799356
759,0.4878992324399539
760,0.5736427131907921
761,0.5766178968724585
762,0.49445186941120217
763,0.6095808244372487
764,1.2597921868706718
765,
766,
767,
768,
769,
770,
771,
772,
773,
774,
775,
776,13.455803043333143
777,15.115157653359674
778,16.27674931703373
779,15.875154098790716
780,16.256370945278444
781,17.640243743502374
782,18.04064343230713
783,17.687636989993088
784,18.645559511994122
785,19.813070016106956
786,20.000928124256145
787,20.105906429962324
788,21.00037575350735
789,22.058535421215183
790,23.660393631984995
791,23.1523242698049
792,
793,
794,
795,
796,
797,
798,
799,
800,21.5369122639035
801,19.949767387939552
802,19.439494340807737
803,17.434797586124308
804,15.297502246926905
805,16.265393007703587
806,15.575604467835886
807,14.177421967515123
808,14.70119383621988
809,14.600012133328928
810,16.027876267901174
811,17.125079291065315
812,16.482963773305077
813,16.811066516201695
814,18.089058844119627
815,18.41447620782313
816,17.77442185828536
817,18.791687898160664
818,20.239548905764664
819,20.44669628140502
820,20.581063240458306
821,19.818997527173195
822,18.799983980201716
823,19.164149974724094
824,20.893725707921647
825,21.95832465463963
826,22.739984598063568
827,22.269939274864576
828,20.222574699726515
829,19.71808315968548
830,20.093746232998043
831,20.090610433419968
832,20.458879613432252
833,20.986860572391592
834,15.636200586740033
835,16.679184444534524
836,19.893548660893238
837,17.518409555310004
838,16.520069395317865
839,15.513608713292498
840,14.407693697977834
841,14.987077725658317
842,13.665977689959712
843,13.338714577061463
844,13.02490204233647
845,12.591730035322016
846,11.608393617243637
847,11.657474777476788
848,10.75042898644608
849,11.532814761955288
850,12.162327234616523
851,12.653434294168283
852,14.374727238787
853,13.680311277924195
854,13.498624281449166
855,14.691205222027067
856,15.851282268575359
857,17.215393155492322
858,18.68107336040832
859,19.394844314503427
860,
861,
862,16.149757431569267
863,21.880906582941897
864,20.781149088955956
865,14.946412748680103
866,12.982124042355993
867,15.614097589588003
868,15.568869001415763
869,17.76740661193956
870,19.082541991943767
871,17.4479567231358
872,16.37697697772766
873,20.31927942255314
874,20.090464982497657
875,23.001957975393317
876,22.541188799015003
877,20.54889105259441
878,21.807152420199277
879,21.216803699310162
880,19.921291225661705
881,21.47347673264166
882,20.956954914677937
883,19.27660453699494
884,19.541035959047804
885,20.63755796719442
886,19.319011997451543
887,18.53053763048155
888,19.76379207006809
889,19.87383822588657
890,18.172957058734898
891,18.05726761287312
892,16.988171817175974
893,16.051321056564657
894,15.847144470060721
895,14.586171985105066
896,15.270349918874047
897,16.456243540922188
898,15.525641839400741
899,14.965004986630925
900,16.364606049884276
901,16.83944068925013
902,16.006485189665312
903,
904,
905,
906,
907,
908,12.738796109196432
909,10.774744765628936
910,9.241980957232153
911,5.657800144969754
912,7.31771365393256
913,8.163020804234165
914,5.449858439441614
915,3.65091317743242
916,6.0474023859043395
917,5.775164532724838
918,2.778082577585204
919,2.7702253464442745
920,3.854874742029852
921,3.437825417582385
922,1.9247035716344134
923,1.0924887215466272
924,1.6310117484352935
925,1.1782039207640846
926,1.1890084713820612
927,0.9889091065143647
928,0.6288283740475891
929,0.6922633950459872
930,0.7386959937130804
931,0.6451679573230836
932,0.6544046003316392
933,0.7497173475643439
934,0.7050170918458739
935,0.673678400932191
936,0.6693817962238556
937,0.664234885014454
938,0.7467967296824513
939,0.6697164381571191
940,0.7896666352223651
941,1.1312992531588253
942,1.3831917356670456
943,1.51920503946784
944,1.7206197873084612
945,1.8749192521814455
946,1.316924451387678
947,1.140083633718617
948,0.5487877916122891
949,0.7816704077630321
950,0.7990147490328271
951,0.5358988618341809
952,0.6631585422732229
953,0.6463192371187945
954,0.6596177330603715
955,0.5960706619125877
956,0.6466259305198284
957,0.6799641735364813
958,0.09622235180509657
959,0.751449877288541
960,0.5969203791588972
961,0.8684604447474625
962,1.0426852970767932
963,0.8318903566316221
964,0.9235868535080649
965,0.8900256775311924
966,0.8916139948958546
967,0.9219853656762562
968,0.9889754194335514
969,1.0392732672339349
970,1.185291827528998
971,1.0602189957451096
972,1.0922573451400812
973,1.0524927712236325
974,1.0463949978509473
975,1.0969808465614423
976,1.0400995450588932
977,1.0274833156584893
978,1.1457910864379854
979,0.7900222462603836
980,0.6278583789570272
981,0.526751593159401
982,0.7057426771422078
983,0.43826150327730895
984,0.3441831150991161
985,0.3667418589050287
986,0.5480707933085944
987,0.4773553633557035
988,0.4774523070507385
989,0.7047523586133494
990,0.7186901218143369
991,0.6270917488618641
992,0.8085307354335203
993,0.8502144457492955
994,0.7555821420515518
995,0.7473548993120501
996,0.7387980445630231
997,0.5946153477847627
998,0.5876243935337496
999,0.6998475803384558
1000,0.9608369506293035
1001,0.9901409021666749
1002,1.0520009043943692
1003,0.6344337305286831
1004,1.2397406258022485
1005,1.1372776698895102
1006,1.1722760782832147
1007,1.08877232533174
1008,1.6477489675470338
1009,1.0426266541212328
1010,0.5940760043164021
1011,0.38010828948129854
1012,0.9769111852716763
1013,
1014,
1015,
1016,
1017,
1018,
1019,
1020,
1021,
1022,
1023,
1024,
1025,
1026,
1027,
1028,
1029,
1030,
1031,
1032,
1033,
1034,
1035,
1036,12.780588404605101
1037,7.443385905680113
1038,5.9537024305239505
1039,7.952327418326689
1040,3.7781867328901093
1041,1.4789657131082923
1042,0.9503021568080718
1043,1.218678221839844
1044,1.3734221664532604
1045,1.3450753288815744
1046,1.3527920243728342
1047,1.5384020151670545
1048,1.438535313104627
1049,1.271223582482128
1050,0.8047281900407156
1051,
1052,
1053,
1054,
1055,
1056,
1057,
1058,
1059,1.3317582007486848
1060,1.178177104392063
1061,1.2374390385049694
1062,1.0371991835185552
1063,1.1713533235774733
1064,1.2331535393215158
1065,1.1444192006930787
1066,1.0556982152712402
1067,0.6838136025192801
1068,1.215991966311991
1069,1.3121060900750294
1070,0.9458118329914963
1071,1.3768457175365427
1072,1.2342304320268034
1073,1.195860214182283
1074,1.2307342824585044
1075,0.90424572681598
1076,1.0455349918001675
1077,1.5333927657149418
1078,0.8539682700832706
1079,1.0816858500930755
1080,1.044872910562251
1081,1.007454894463208
1082,0.8405425912107448
1083,0.7903219003811423
1084,0.7549302066460938
1085,0.7809592636561852
1086,0.4676484450421362
1087,0.4674780626962798
1088,0.4768395260271485
1089,0.4848672971653297
1090,0.3400911525052527
1091,0.34579858939721814
1092,0.1544536105717525
1093,0.21681003664673795
1094,0.6594932939985434
1095,0.582593691193473
1096,0.8065379714381907
1097,0.9019058753862963
1098,1.2319207677161317
1099,1.0556833954390201
1100,2.1771247213800025
1101,3.522886515263987
1102,4.3310830514371235
1103,
1104,
1105,
1106,
1107,
1108,
1109,
1110,
1111,
1112,
1113,
1114,
1115,
1116,
1117,
1118,
1119,
1120,
1121,
1122,
1123,
1124,
1125,
1126,
1127,
1128,
1129,
1130,
1131,
1132,
1133,
1134,
1135,
1136,
1137,5.474941869279647
1138,4.3428934094515705
1139,3.6826245778875415
1140,3.183068294520804
1141,2.4001729798428006
1142,2.4027969187764135
1143,2.414542740544543
1144,2.239742201961693
1145,3.018955563209843
1146,2.4876667817118667
1147,2.866908221974751
1148,2.730327191510505
1149,
1150,
1151,
1152,
1153,
1154,
1155,
1156,
1157,
1158,
1159,
1160,1.7928620155065225
1161,2.0106056438434834
1162,2.6657783469169583
1163,2.8214895311881447
1164,3.2661652400164596
1165,3.462038162552693
1166,3.4511951362055178
1167,4.4008663512176645
1168,4.774215238190052
1169,5.549747674035538
1170,4.984000772565086
1171,4.369465695632485
1172,4.511148665931483
1173,5.460704144421262
1174,4.741599968213574
1175,4.505528366899264
1176,5.968183713715694
1177,5.471776041572156
1178,4.540434295020685
1179,4.281104201941493
1180,5.238842183972513
1181,4.971283761520378
1182,4.637561508956041
1183,5.469369127450608
1184,5.665029979360679
1185,5.609063401039612
1186,
1187,
1188,1.7643844503087602
1189,2.7990905989187547
1190,3.5102058948343835
1191,2.732379831620478
1192,3.1030382001934793
1193,3.343242529735875
1194,3.0008822535430757
1195,2.359751356843133
1196,1.9158687908270648
1197,2.075135090983489
1198,2.0646768899990726
1199,2.228511885444594
1200,2.118507556256208
1201,1.6745785968350664
1202,1.5856939378043584
1203,1.3506033043486518
1204,1.4331186250472592
1205,1.5091636698684807
1206,1.8515134431193074
1207,1.8027343345956253
1208,1.547495631834934
1209,1.4403367976666734
1210,1.551087700040448
1211,1.6677684069762273
1212,1.6794692700277543
1213,1.4722837382983578
1214,1.6418364245503672
1215,2.3176776786340536
1216,1.5561887137186945
1217,1.5235413739967179
1218,1.6073474479990102
1219,1.644072006423269
1220,1.6080713195948169
1221,1.5205064250899682
1222,1.4818612580650965
1223,1.2863088166460155
1224,1.235424695220492
1225,1.0528621845747088
1226,1.2157051044231462
1227,0.9269723736208576
1228,0.9238420985625252
1229,0.8653493168145402
1230,1.0440151380493468
1231,1.020642679135471
1232,1.1300177354915077
1233,0.981579176162421
1234,1.1302531450503528
1235,1.5316971555822454
1236,1.563760493508845
1237,1.5163073561424332
1238,1.6667675405988767
1239,1.8234430799539136
1240,1.4001967436871805
1241,1.1240236858086765
1242,
1243,
1244,
1245,
1246,
1247,
1248,
1249,
1250,
1251,
1252,
1253,
1254,
1255,
1256,0.8697514406127168
1257,2.1839825556112884
1258,1.9400613027279945
1259,1.9942526409846641
1260,2.480096655005228
1261,2.289846606185644
1262,2.163955993108609
1263,2.073720765972337
1264,1.8065668899524654
1265,1.819697018335975
1266,2.0183652227730837
1267,2.0729893877709338
1268,1.8388904697268293
1269,1.5811228336145866
1270,1.806497449669961
1271,1.9482588029346954
1272,1.6063811274018944
1273,1.619690371874258
1274,1.94605178335319
1275,1.6652197937485733
1276,1.5982297286196863
1277,1.8371667154504356
1278,1.8044747155153682
1279,1.7115333788644072
1280,1.7763820464738778
1281,1.919362269946586
1282,1.928831639709742
1283,1.8729713825982295
1284,2.3139765608959233
1285,2.2926367486003474
1286,1.982880227053843
1287,2.048706693022686
1288,2.4234913711251256
1289,2.3602240321382646
1290,2.0638818197967868
1291,2.443922527394108
1292,2.4787378107668823
1293,2.4558242807504485
1294,2.5505334719774586
1295,2.225885882392902
1296,2.760832431209408
1297,2.570251212124078
1298,2.6541690897242183
1299,2.6368249864530005
1300,2.4507312931680736
1301,2.3665614249317857
1302,2.2953331817855287
1303,2.220988099468438
1304,2.1978899801587817
1305,2.1369246886344655
1306,1.7299500920091397
1307,1.7676324335226374
1308,1.8470795674371223
1309,1.8209938632289144
1310,1.6886484409526772
1311,1.9394632635470685
1312,1.9659655247897674
1313,1.6071693150364266
1314,1.338895364852244
1315,1.5494693879943495
1316,1.4986094524654896
1317,1.3501685100782606
1318,1.2615098586728317
1319,1.084777136035478
1320,1.2965327857192426
1321,1.4064412169155938
1322,1.463771355643614
1323,1.798717123640548
1324,1.8509955875372386
1325,1.8741880684868273
1326,1.8661871441540656
1327,1.9092025364534062
1328,2.481986026778949
1329,2.3127614265742173
1330,2.076284437473307
1331,2.0338874351215264
1332,1.862139633473948
1333,1.8530672475119114
1334,2.3478549148134906
1335,2.3180256492361777
1336,2.064578819825208
1337,2.3381305928323988
1338,1.9747027781334412
1339,1.9932708803868648
1340,2.1900874823951115
1341,2.0013525305244526
1342,1.945182839365109
1343,1.9794664634741563
1344,1.9318259612068303
1345,2.3840429175403868
1346,1.7243443186556744
1347,1.3494101447352764
1348,1.1148134099431044
1349,0.8651488615916909
1350,0.8442339295531903
1351,0.7518461346621658
1352,0.5889523601335304
1353,0.47086660689322773
1354,0.31453165334415306
1355,0.2862153327277335
1356,0.5468241053696136
1357,0.6637984812323162
1358,0.8131246590891322
1359,1.2318032083786186
1360,1.453007896094436
1361,1.5507140724589434
1362,2.113877699357979
1363,2.769023268760714
1364,
1365,
1366,
1367,
1368,
