site,domain,fold_change,is_inf,fc_zero,log2fc,pvalue,label,measured
1,RuvC-I,0.000826556708654711,False,False,-9.965784284662087,5.83312924267383e-28,0,1
3,RuvC-I,3.60113738802514,False,False,1.8484526412503635,2.30120975694809e-08,1,1
4,RuvC-I,16.1143674328419,False,False,4.010275651611608,1.26854110884778e-27,1,1
6,RuvC-I,0.0,False,True,-9.965784284662087,0.0136295739735685,0,1
7,RuvC-I,0.0,False,True,-9.965784284662087,0.00937336802891596,0,1
8,RuvC-I,0.0,False,True,-9.965784284662087,1.78938629065287e-53,0,1
10,RuvC-I,0.0,False,True,-9.965784284662087,0.00281213127405735,0,1
11,RuvC-I,0.0,False,True,-9.965784284662087,4.99399557415968e-10,0,1
12,RuvC-I,0.0,False,True,-9.965784284662087,0.0185432176998355,0,1
17,RuvC-I,0.0,False,True,-9.965784284662087,0.0170798762241524,0,1
19,RuvC-I,0.0,False,True,-9.965784284662087,0.0115936503272738,0,1
20,RuvC-I,0.0,False,True,-9.965784284662087,5.33900699868726e-06,0,1
23,RuvC-I,0.0,False,True,-9.965784284662087,6.78978692313771e-10,0,1
26,RuvC-I,0.0,False,True,-9.965784284662087,0.00798180645010867,0,1
27,RuvC-I,0.0,False,True,-9.965784284662087,0.000490766082337498,0,1
28,RuvC-I,0.0,False,True,-9.965784284662087,0.000699848126867365,0,1
39,RuvC-I,0.0,False,True,-9.965784284662087,0.0394865935403783,0,1
41,RuvC-I,0.0,False,True,-9.965784284662087,0.0118480049456041,0,1
42,RuvC-I,5.6754011406975,False,False,2.5047223665431533,4.74529618100341e-07,1,1
48,RuvC-I,0.0,False,True,-9.965784284662087,0.0828696253846327,0,1
49,RuvC-I,0.0,False,True,-9.965784284662087,2.98157156291015e-28,0,1
50,RuvC-I,0.0015129067458866,False,False,-9.36846122069847,8.0208145729235e-06,0,1
51,RuvC-I,0.0,False,True,-9.965784284662087,0.0089316634866721,0,1
56,RuvC-I,0.0,False,True,-9.965784284662087,0.0255542385858306,0,1
59,RuvC-I,0.0,False,True,-9.965784284662087,0.000143794956931166,0,1
60,RuvC-I,0.0,False,True,-9.965784284662087,8.29954577405477e-06,0,1
72,BridgeHelix,0.0,False,True,-9.965784284662087,0.0582886590507334,0,1
76,BridgeHelix,0.0,False,True,-9.965784284662087,0.00523994798627898,0,1
80,BridgeHelix,0.0,False,True,-9.965784284662087,0.00805974866334775,0,1
83,BridgeHelix,0.0,False,True,-9.965784284662087,0.00159108078966642,0,1
84,BridgeHelix,0.0,False,True,-9.965784284662087,1.073604393379e-09,0,1
90,BridgeHelix,0.0,False,True,-9.965784284662087,0.00106853405239816,0,1
91,BridgeHelix,0.101072021928147,False,False,-3.306544399442882,1.01809715244425e-05,0,1
92,BridgeHelix,0.0,False,True,-9.965784284662087,0.00069571383650168,0,1
94,REC,0.0,False,True,-9.965784284662087,0.00106304643641742,0,1
98,REC,0.0,False,True,-9.965784284662087,0.0868382109359419,0,1
102,REC,0.0,False,True,-9.965784284662087,0.00675967526532157,0,1
107,REC,0.0443124297288753,False,False,-4.496144755261973,0.000113704334986498,0,1
108,REC,0.421552818459502,False,False,-1.246214689922629,0.000968503113299351,0,1
112,REC,12.6091230995928,False,False,3.656396041936649,8.39116927775139e-09,1,1
118,REC,0.0,False,True,-9.965784284662087,0.0659703808152928,0,1
120,REC,0.0,False,True,-9.965784284662087,0.0872103203298303,0,1
123,REC,0.449394767986321,False,False,-1.1539447666404095,0.0920945654295336,0,1
124,REC,0.513023252159128,False,False,-0.962903879163334,0.0709605541426281,0,1
127,REC,4.38550512381221,False,False,2.132743022293514,4.14083041145216e-05,1,1
130,REC,0.261106756733791,False,False,-1.9372883037237498,0.0117831475903353,0,1
134,REC,0.0,False,True,-9.965784284662087,6.66895668795966e-06,0,1
135,REC,0.0,False,True,-9.965784284662087,0.000134022452120313,0,1
136,REC,0.0,False,True,-9.965784284662087,0.00234012920273149,0,1
139,REC,0.0,False,True,-9.965784284662087,0.0274902806954928,0,1
146,REC,0.0,False,True,-9.965784284662087,3.45637591570073e-05,0,1
147,REC,0.0518837544841775,False,False,-4.268573308108814,8.83839098932416e-08,0,1
150,REC,0.00602536013046788,False,False,-7.3747368121306085,1.60627365042206e-12,0,1
153,REC,0.0,False,True,-9.965784284662087,0.0078520791551982,0,1
155,REC,0.0,False,True,-9.965784284662087,3.97965505491765e-05,0,1
157,REC,0.0,False,True,-9.965784284662087,1.31292401042525e-07,0,1
158,REC,0.0,False,True,-9.965784284662087,3.85040263678283e-07,0,1
159,REC,0.0,False,True,-9.965784284662087,0.0389687589319202,0,1
160,REC,0.0,False,True,-9.965784284662087,0.00534952690672705,0,1
162,REC,0.0,False,True,-9.965784284662087,3.29942906803722e-05,0,1
163,REC,0.0,False,True,-9.965784284662087,0.0119083102390002,0,1
171,REC,0.0,False,True,-9.965784284662087,0.0780766238610432,0,1
177,REC,0.326662682535824,False,False,-1.6141264420567771,0.0794664082226104,0,1
182,REC,0.0,False,True,-9.965784284662087,2.09608519274254e-13,0,1
187,REC,0.0,False,True,-9.965784284662087,0.000200380896307983,0,1
188,REC,0.0,False,True,-9.965784284662087,0.00348444694089041,0,1
189,REC,0.0,False,True,-9.965784284662087,4.13184672716175e-14,0,1
192,REC,0.0,False,True,-9.965784284662087,1.21954898906588e-05,0,1
193,REC,18.3257533540606,False,False,4.19580060226839,4.19432538083412e-32,1,1
195,REC,inf,True,False,5.90855952445512,4.49411135985302e-25,1,1
197,REC,4.30119710942385,False,False,2.104738246667907,0.0135529050489253,1,1
202,REC,58.9228209933017,False,False,5.880754597488235,2.73441026670033e-29,1,1
204,REC,34.7966482138793,False,False,5.1208764400963735,6.14639532142048e-56,1,1
205,REC,10.9845878583203,False,False,3.457408835753522,6.71441974078654e-19,1,1
206,REC,7.94745177758276,False,False,2.9904923576100866,6.25227555968555e-22,1,1
207,REC,5.82077073521297,False,False,2.541210194757264,1.17772675067574e-11,1,1
208,REC,52.9292461300996,False,False,5.725993200737874,4.01169605469728e-76,1,1
209,REC,44.0940156703753,False,False,5.462510964989685,3.5909461859257e-118,1,1
210,REC,0.0,False,True,-9.965784284662087,0.0879780433414514,0,1
211,REC,39.7890197536484,False,False,5.314298451974547,6.32802732835307e-11,1,1
214,REC,9.75467714531662,False,False,3.286094124135314,5.19265288894317e-12,1,1
217,REC,3.24760730661184,False,False,1.699377195622077,0.00102753406938261,1,1
228,REC,24.1524041424009,False,False,4.594094897682916,1.43634002835568e-13,1,1
231,REC,10.1408836971241,False,False,3.3421114720716187,6.01880600020616e-58,1,1
234,REC,0.0,False,True,-9.965784284662087,0.0122181295572011,0,1
238,REC,25.2213505000347,False,False,4.656573623033214,0.0565860961549529,1,1
239,REC,0.120304696610543,False,False,-3.0552351294766407,2.25071964114304e-07,0,1
242,REC,0.0,False,True,-9.965784284662087,5.59491469302067e-09,0,1
243,REC,0.0,False,True,-9.965784284662087,0.0389687589319202,0,1
246,REC,0.0,False,True,-9.965784284662087,0.0258338897227547,0,1
247,REC,0.0,False,True,-9.965784284662087,7.91666307588261e-05,0,1
249,REC,0.0,False,True,-9.965784284662087,0.0868382109359419,0,1
257,REC,13.0416802963002,False,False,3.7050578539477765,1.00385982704375e-05,1,1
259,REC,12.5466791211674,False,False,3.6492336543291644,0.00229500617056038,1,1
272,REC,0.0,False,True,-9.965784284662087,5.3629555898036e-06,0,1
275,REC,0.0,False,True,-9.965784284662087,0.039340475855694,0,1
276,REC,0.0,False,True,-9.965784284662087,0.00245136782841832,0,1
280,REC,0.0,False,True,-9.965784284662087,6.3807873877808e-05,0,1
281,REC,0.0,False,True,-9.965784284662087,0.0400161629659987,0,1
293,REC,0.0,False,True,-9.965784284662087,1.84484273738995e-19,0,1
313,REC,8.04027009265443,False,False,3.0072439659301002,0.0124318230435685,1,1
316,REC,0.0,False,True,-9.965784284662087,0.0386399039789734,0,1
319,REC,0.0,False,True,-9.965784284662087,0.0841787453336369,0,1
322,REC,0.0,False,True,-9.965784284662087,0.0183874037412201,0,1
325,REC,0.0,False,True,-9.965784284662087,0.0872103203298303,0,1
336,REC,0.0,False,True,-9.965784284662087,0.0887638713373065,0,1
339,REC,0.0,False,True,-9.965784284662087,0.000162057269225179,0,1
345,REC,0.0,False,True,-9.965784284662087,0.00434116402541852,0,1
353,REC,0.428703399380156,False,False,-1.2219482379157074,0.0219232268422957,0,1
361,REC,0.0,False,True,-9.965784284662087,2.22400562853329e-24,0,1
376,REC,0.0,False,True,-9.965784284662087,7.77038441188613e-05,0,1
379,REC,0.00772025372088258,False,False,-7.017136023199282,6.24448844170428e-11,0,1
386,REC,0.0,False,True,-9.965784284662087,0.00230950271297115,0,1
388,REC,0.0343760626270568,False,False,-4.862451879214712,0.000850521580179785,0,1
390,REC,14.3256731914603,False,False,3.840531030530028,1.00596065441196e-10,1,1
391,REC,0.0178592864186398,False,False,-5.807181752140684,9.79635913316444e-28,0,1
392,REC,0.0,False,True,-9.965784284662087,5.87291002889019e-05,0,1
397,REC,0.0,False,True,-9.965784284662087,0.0879298498417856,0,1
400,REC,0.0,False,True,-9.965784284662087,6.09417757812463e-13,0,1
401,REC,0.0,False,True,-9.965784284662087,0.0183173479619204,0,1
409,REC,0.0,False,True,-9.965784284662087,0.0655296646836457,0,1
411,REC,0.0,False,True,-9.965784284662087,0.00783668379652428,0,1
412,REC,0.0,False,True,-9.965784284662087,1.22353414954279e-24,0,1
417,REC,0.0,False,True,-9.965784284662087,6.73371740042674e-56,0,1
418,REC,0.0,False,True,-9.965784284662087,1.74228414407855e-13,0,1
420,REC,0.0,False,True,-9.965784284662087,0.00148989759020563,0,1
423,REC,0.0,False,True,-9.965784284662087,0.0387878930507251,0,1
424,REC,0.0,False,True,-9.965784284662087,0.00154339621100298,0,1
427,REC,0.0,False,True,-9.965784284662087,0.000710552795932059,0,1
428,REC,0.0,False,True,-9.965784284662087,0.059912876300745,0,1
435,REC,0.0,False,True,-9.965784284662087,0.0386399039789734,0,1
436,REC,0.0,False,True,-9.965784284662087,0.0879780433414514,0,1
438,REC,0.0,False,True,-9.965784284662087,0.010400580316397,0,1
439,REC,0.0,False,True,-9.965784284662087,0.000141025588608502,0,1
440,REC,0.110612574445504,False,False,-3.1764126943148216,5.09959113711251e-05,0,1
441,REC,0.0,False,True,-9.965784284662087,0.0525304747120986,0,1
445,REC,0.0,False,True,-9.965784284662087,0.00161668123250572,0,1
450,REC,0.0,False,True,-9.965784284662087,1.02028639210104e-10,0,1
451,REC,0.0,False,True,-9.965784284662087,0.0415520830271283,0,1
453,REC,0.0,False,True,-9.965784284662087,1.02273192345975e-14,0,1
454,REC,0.0,False,True,-9.965784284662087,0.0277539445842894,0,1
455,REC,0.0,False,True,-9.965784284662087,0.0331587711934456,0,1
456,REC,12.0553258248811,False,False,3.5915987387425887,2.03139537034169e-17,1,1
460,REC,21.3644453592015,False,False,4.417139958692436,3.31421592466861e-16,1,1
463,REC,0.0,False,True,-9.965784284662087,0.0522772991820846,0,1
464,REC,0.0,False,True,-9.965784284662087,0.00243122435144339,0,1
466,REC,0.229151682086061,False,False,-2.1256252190450393,0.0101922003133938,0,1
467,REC,9.93609725729726,False,False,3.312679295129825,0.00129309602334499,1,1
468,REC,46.7244050958167,False,False,5.546104390301801,1.18231637321379e-10,1,1
470,REC,5.27934249039039,False,False,2.400358261985067,1.68603507680238e-13,1,1
474,REC,6.62773279720076,False,False,2.7285154402292506,2.37409835131221e-23,1,1
476,REC,0.0,False,True,-9.965784284662087,0.000125787918921564,0,1
477,REC,0.0,False,True,-9.965784284662087,0.000286959849379318,0,1
483,REC,0.0,False,True,-9.965784284662087,7.92927641758764e-06,0,1
485,REC,0.0,False,True,-9.965784284662087,2.62901298451533e-08,0,1
488,REC,0.0,False,True,-9.965784284662087,2.83624339255358e-62,0,1
489,REC,0.0,False,True,-9.965784284662087,1.0306449557122e-05,0,1
492,REC,0.0,False,True,-9.965784284662087,1.42526473236255e-19,0,1
495,REC,0.0,False,True,-9.965784284662087,1.72230085577012e-16,0,1
496,REC,0.00315400317675444,False,False,-8.308600171431074,1.22939828838674e-42,0,1
497,REC,0.0,False,True,-9.965784284662087,1.22052134339113e-05,0,1
499,REC,0.0,False,True,-9.965784284662087,8.58496767358483e-18,0,1
507,REC,0.0,False,True,-9.965784284662087,0.0266488747736935,0,1
508,REC,0.0,False,True,-9.965784284662087,2.63816444410049e-07,0,1
509,REC,0.0,False,True,-9.965784284662087,0.0884428983872906,0,1
512,REC,0.0,False,True,-9.965784284662087,0.0135458101992646,0,1
514,REC,0.0,False,True,-9.965784284662087,0.000313172598677651,0,1
515,REC,0.0,False,True,-9.965784284662087,2.85007446337419e-17,0,1
519,REC,0.0,False,True,-9.965784284662087,0.00793850091198445,0,1
520,REC,0.0,False,True,-9.965784284662087,2.28499469090615e-26,0,1
521,REC,0.0,False,True,-9.965784284662087,0.0387878930507251,0,1
522,REC,0.0,False,True,-9.965784284662087,0.00275069040680669,0,1
523,REC,0.0,False,True,-9.965784284662087,0.0182501711148342,0,1
525,REC,0.0,False,True,-9.965784284662087,4.52581819963426e-30,0,1
526,REC,0.0,False,True,-9.965784284662087,4.80705714587151e-11,0,1
527,REC,0.0,False,True,-9.965784284662087,0.0127909526383187,0,1
528,REC,0.0,False,True,-9.965784284662087,0.00010472999725753,0,1
530,REC,0.0,False,True,-9.965784284662087,0.0884428983872906,0,1
532,REC,4.65598759220153,False,False,2.2190872135956012,2.12873841780929e-06,1,1
533,REC,8.30464347118479,False,False,3.0539182327999823,1.84214055736595e-23,1,1
536,REC,13.5596648501409,False,False,3.7612496151746635,5.25458757219549e-23,1,1
542,REC,0.0,False,True,-9.965784284662087,3.95538756235392e-05,0,1
543,REC,0.0,False,True,-9.965784284662087,0.0389492223230513,0,1
545,REC,0.0,False,True,-9.965784284662087,0.00119502174706695,0,1
547,REC,0.0,False,True,-9.965784284662087,5.65202190728563e-06,0,1
548,REC,0.0,False,True,-9.965784284662087,7.04725533678468e-25,0,1
549,REC,0.0,False,True,-9.965784284662087,0.0280653300928043,0,1
550,REC,0.0,False,True,-9.965784284662087,6.73944122499526e-08,0,1
554,REC,0.0,False,True,-9.965784284662087,0.00100098693230368,0,1
555,REC,0.0,False,True,-9.965784284662087,0.000309172436260141,0,1
558,REC,0.0,False,True,-9.965784284662087,0.0427767462644166,0,1
560,REC,0.0,False,True,-9.965784284662087,0.0887638713373065,0,1
561,REC,0.0,False,True,-9.965784284662087,7.23329323711379e-23,0,1
562,REC,0.0,False,True,-9.965784284662087,1.51175412045866e-50,0,1
565,REC,0.00843888221016032,False,False,-6.888732368271793,2.09035737894122e-09,0,1
566,REC,0.0,False,True,-9.965784284662087,0.0446707340932376,0,1
570,REC,0.0,False,True,-9.965784284662087,0.0118480049456041,0,1
576,REC,11.1272119986659,False,False,3.476020255441776,5.67270964621949e-11,1,1
577,REC,12.3226107891126,False,False,3.623236046818382,1.17145425021272e-33,1,1
578,REC,0.0,False,True,-9.965784284662087,0.0420359664799824,0,1
579,REC,9.34538833132201,False,False,3.2242546138936383,2.66133026136563e-14,1,1
588,REC,26.0296300668105,False,False,4.702082903188342,1.57708727622223e-12,1,1
590,REC,0.0,False,True,-9.965784284662087,0.00106382961791578,0,1
592,REC,0.0,False,True,-9.965784284662087,3.37627956423959e-19,0,1
593,REC,0.0,False,True,-9.965784284662087,0.000161895373662623,0,1
594,REC,0.0,False,True,-9.965784284662087,0.00149774507835363,0,1
595,REC,0.0,False,True,-9.965784284662087,0.000219279679025347,0,1
598,REC,0.0,False,True,-9.965784284662087,1.85423437175577e-06,0,1
599,REC,0.0,False,True,-9.965784284662087,8.63587599151489e-15,0,1
603,REC,0.0,False,True,-9.965784284662087,0.000161596135056426,0,1
608,REC,0.0,False,True,-9.965784284662087,3.42152826333922e-08,0,1
611,REC,0.0,False,True,-9.965784284662087,0.0264959648909879,0,1
614,REC,0.110087143132142,False,False,-3.1832821057542198,0.0121350002473823,0,1
615,REC,0.0,False,True,-9.965784284662087,0.00232014307241135,0,1
616,REC,0.0413540837965187,False,False,-4.59582638439102,0.00536062814839745,0,1
617,REC,0.0,False,True,-9.965784284662087,3.01561197105653e-31,0,1
618,REC,0.0,False,True,-9.965784284662087,1.36508891885672e-11,0,1
619,REC,0.0,False,True,-9.965784284662087,0.0394865935403783,0,1
620,REC,0.0,False,True,-9.965784284662087,5.12812839401067e-10,0,1
621,REC,0.0,False,True,-9.965784284662087,0.0179461603095385,0,1
622,REC,0.0,False,True,-9.965784284662087,0.00228808695013728,0,1
623,REC,0.0,False,True,-9.965784284662087,0.0587758527641506,0,1
624,REC,0.0,False,True,-9.965784284662087,2.709366944992e-07,0,1
625,REC,0.0,False,True,-9.965784284662087,0.000313172598677651,0,1
626,REC,0.0,False,True,-9.965784284662087,6.00198977679104e-06,0,1
627,REC,0.0,False,True,-9.965784284662087,0.00032878330521302,0,1
629,REC,0.0,False,True,-9.965784284662087,0.0577731214619808,0,1
630,REC,0.00686052566963364,False,False,-7.187465161337121,9.62334362372304e-22,0,1
631,REC,0.0,False,True,-9.965784284662087,5.46070388583518e-07,0,1
632,REC,0.0,False,True,-9.965784284662087,0.00141382438487374,0,1
633,REC,0.0,False,True,-9.965784284662087,0.00571830868214301,0,1
634,REC,0.0,False,True,-9.965784284662087,8.0734153966903e-15,0,1
635,REC,0.0,False,True,-9.965784284662087,0.0125804895806037,0,1
639,REC,7.67875534842859,False,False,2.9408724830596134,4.91853076886443e-08,1,1
640,REC,0.0,False,True,-9.965784284662087,0.040279767167018,0,1
641,REC,4.67233477304681,False,False,2.224143647101371,0.000114161765249092,1,1
642,REC,0.0,False,True,-9.965784284662087,5.62989878322914e-06,0,1
643,REC,0.0377604871147609,False,False,-4.726978814017846,8.13842032449465e-06,0,1
644,REC,0.0,False,True,-9.965784284662087,0.0278683208384349,0,1
645,REC,3.30840927055391,False,False,1.7261377157896274,0.0187095444436065,1,1
646,REC,0.045492087245162,False,False,-4.45824056061531,1.19028138481376e-05,0,1
647,REC,6.45805145258401,False,False,2.691098935236825,1.07872761560804e-20,1,1
648,REC,1.72484806791958,False,False,0.786469288666247,0.000425477311139348,0,1
649,REC,0.0,False,True,-9.965784284662087,4.41356343410926e-10,0,1
658,REC,0.0,False,True,-9.965784284662087,1.8335907142765e-09,0,1
660,REC,0.0,False,True,-9.965784284662087,0.00481578424144002,0,1
664,REC,0.0,False,True,-9.965784284662087,3.6270156783786e-06,0,1
667,REC,0.0,False,True,-9.965784284662087,1.26776789021387e-08,0,1
668,REC,0.0,False,True,-9.965784284662087,0.0112524692482951,0,1
669,REC,0.0,False,True,-9.965784284662087,0.0405613698983774,0,1
670,REC,0.223243968006123,False,False,-2.1633069002585317,0.0347595635825501,0,1
671,REC,0.0,False,True,-9.965784284662087,2.2794782824382e-38,0,1
672,REC,0.55026588760141,False,False,-0.8617991998266517,0.0255999681171619,0,1
673,REC,0.0,False,True,-9.965784284662087,0.00141382438487374,0,1
676,REC,0.0,False,True,-9.965784284662087,2.46841134983769e-20,0,1
678,REC,0.0,False,True,-9.965784284662087,0.000447625457459009,0,1
679,REC,0.0,False,True,-9.965784284662087,3.21571422796228e-19,0,1
681,REC,0.0,False,True,-9.965784284662087,0.026070148564561,0,1
687,REC,4.4710654717014,False,False,2.160618672028474,0.0010431236483629,1,1
689,REC,10.3930009614332,False,False,3.3775403850345427,1.16492199171125e-21,1,1
690,REC,10.244375962893,False,False,3.3567602000115513,1.25972970997226e-29,1,1
692,REC,3.94154900789389,False,False,1.9787627126328198,7.33511451804493e-07,1,1
694,REC,0.0,False,True,-9.965784284662087,0.00241200832375924,0,1
695,REC,0.0,False,True,-9.965784284662087,3.48260778143718e-13,0,1
696,REC,0.0,False,True,-9.965784284662087,0.0117245531870196,0,1
697,REC,0.0,False,True,-9.965784284662087,0.00873270507191382,0,1
698,REC,0.0,False,True,-9.965784284662087,0.0585716052804705,0,1
701,REC,0.0,False,True,-9.965784284662087,0.0173742454104879,0,1
702,REC,0.0722230723517056,False,False,-3.7913963962911326,0.00317524373537254,0,1
703,REC,0.0,False,True,-9.965784284662087,1.84955171793046e-08,0,1
704,REC,0.0,False,True,-9.965784284662087,0.000703309699766995,0,1
705,REC,0.0,False,True,-9.965784284662087,0.000130965613473683,0,1
706,REC,0.0,False,True,-9.965784284662087,1.64220590293983e-06,0,1
713,REC,4.04628228545081,False,False,2.016596971802741,0.00340685591602342,1,1
715,REC,3.50379872194293,False,False,1.8089199007395336,0.0118063333106067,1,1
717,REC,5.48568622542971,False,False,2.4556721041470597,4.82727497797923e-08,1,1
719,RuvC-II,9.63896339005525,False,False,3.2688780020112325,1.5580032025225e-06,1,1
721,RuvC-II,7.2737741430556,False,False,2.86270412956691,1.75205264815185e-18,1,1
722,RuvC-II,1.59757145806839,False,False,0.6758804631880746,0.099623247621239,0,1
724,RuvC-II,3.02940462200348,False,False,1.5990342843637682,1.16895444166718e-06,1,1
725,RuvC-II,0.0,False,True,-9.965784284662087,0.000212416457944628,0,1
728,RuvC-II,0.269313519896603,False,False,-1.8926414380214736,0.0119083102390002,0,1
729,RuvC-II,0.553877950866253,False,False,-0.852359986985631,0.0926646479438555,0,1
730,RuvC-II,0.0,False,True,-9.965784284662087,0.000331760843763212,0,1
732,RuvC-II,0.709301771070289,False,False,-0.49552854499500326,0.0496473889327295,0,1
734,RuvC-II,0.0,False,True,-9.965784284662087,5.01846309257167e-14,0,1
736,RuvC-II,0.0,False,True,-9.965784284662087,0.0884318907749229,0,1
739,RuvC-II,0.0,False,True,-9.965784284662087,1.48936508090877e-07,0,1
740,RuvC-II,0.0,False,True,-9.965784284662087,3.41219399844698e-19,0,1
741,RuvC-II,0.0,False,True,-9.965784284662087,6.74554207627198e-11,0,1
742,RuvC-II,0.0,False,True,-9.965784284662087,1.00783654506782e-24,0,1
743,RuvC-II,0.0,False,True,-9.965784284662087,0.00183400129119992,0,1
744,RuvC-II,0.0357631417725128,False,False,-4.805382707713116,0.0102806671336674,0,1
745,RuvC-II,0.0,False,True,-9.965784284662087,1.53488421022904e-24,0,1
746,RuvC-II,0.0,False,True,-9.965784284662087,2.06747840178959e-08,0,1
748,RuvC-II,0.0,False,True,-9.965784284662087,1.53488535463314e-24,0,1
749,RuvC-II,0.0,False,True,-9.965784284662087,3.85159682816319e-10,0,1
750,RuvC-II,0.0,False,True,-9.965784284662087,0.00105893806545931,0,1
751,RuvC-II,0.0,False,True,-9.965784284662087,1.85364236094534e-05,0,1
752,RuvC-II,0.0133791163987617,False,False,-6.223873351016473,9.4832692898086e-13,0,1
753,RuvC-II,0.0,False,True,-9.965784284662087,3.29537523061746e-10,0,1
757,RuvC-II,0.00132474015055656,False,False,-9.56007488367905,5.96330238793182e-93,0,1
760,RuvC-II,0.0,False,True,-9.965784284662087,3.83545969643433e-09,0,1
761,RuvC-II,0.0,False,True,-9.965784284662087,0.0115290517684411,0,1
765,RuvC-II,0.0,False,True,-9.965784284662087,0.0420607830129952,0,1
769,HNH,0.0830745475637826,False,False,-3.5894496589656284,0.0276932588473824,0,1
773,HNH,0.0461597650614544,False,False,-4.437220308632257,0.0223688840928771,0,1
779,HNH,0.0,False,True,-9.965784284662087,0.0882007072791201,0,1
789,HNH,0.234577623100577,False,False,-2.091862696958093,0.0825439888194172,0,1
790,HNH,0.0,False,True,-9.965784284662087,0.0587758527641506,0,1
792,HNH,0.164185199628882,False,False,-2.6066040127435484,0.0495952416089009,0,1
794,HNH,0.0,False,True,-9.965784284662087,0.0577731214619808,0,1
796,HNH,0.0,False,True,-9.965784284662087,7.35958236419247e-07,0,1
798,HNH,11.3647931034086,False,False,3.5064995149513174,2.55244602854538e-05,1,1
801,HNH,3.2222177896701,False,False,1.6880540090842848,4.75886295449419e-08,1,1
802,HNH,19.4754272484218,False,False,4.2835830731059215,2.16235301979883e-08,1,1
804,HNH,20.4763498484434,False,False,4.355886655689647,0.00026378197770854,1,1
805,HNH,0.0,False,True,-9.965784284662087,0.00781208219894417,0,1
807,HNH,0.0,False,True,-9.965784284662087,0.00573888570068629,0,1
823,HNH,0.113400130432727,False,False,-3.140505795219741,0.0915385619411482,0,1
824,HNH,0.0,False,True,-9.965784284662087,0.0391193898650414,0,1
826,HNH,0.0,False,True,-9.965784284662087,0.040279767167018,0,1
829,HNH,0.0,False,True,-9.965784284662087,0.0423547680163078,0,1
830,HNH,0.0,False,True,-9.965784284662087,0.0887638713373065,0,1
832,HNH,0.0,False,True,-9.965784284662087,0.0107315983772317,0,1
834,HNH,3.77899396782965,False,False,1.9180022157163727,0.0122252813684136,1,1
839,HNH,0.0,False,True,-9.965784284662087,0.0120458504363232,0,1
841,HNH,0.515775792923451,False,False,-0.9551840306567365,0.0199774004491177,0,1
852,HNH,0.0,False,True,-9.965784284662087,0.000501265023061822,0,1
853,HNH,0.328112805137183,False,False,-1.6077361964061594,0.0794278738563598,0,1
854,HNH,0.0,False,True,-9.965784284662087,0.0043845328019495,0,1
856,HNH,0.269717720572256,False,False,-1.8904777845045442,0.014948795839873,0,1
857,HNH,0.0,False,True,-9.965784284662087,0.0289855458408921,0,1
868,HNH,3.52551132555799,False,False,1.8178325151990011,4.78615407564456e-14,1,1
871,HNH,0.0,False,True,-9.965784284662087,0.0118520216524657,0,1
872,HNH,0.0,False,True,-9.965784284662087,0.00180055805565871,0,1
873,HNH,0.0,False,True,-9.965784284662087,0.0879298498417856,0,1
874,HNH,0.0,False,True,-9.965784284662087,0.00230950271297115,0,1
875,HNH,0.0,False,True,-9.965784284662087,0.00441266317170975,0,1
877,HNH,0.0,False,True,-9.965784284662087,0.00161125511827244,0,1
879,HNH,0.0,False,True,-9.965784284662087,0.0389687589319202,0,1
880,HNH,0.0,False,True,-9.965784284662087,0.00524669802116069,0,1
884,HNH,0.0,False,True,-9.965784284662087,1.99220600918225e-08,0,1
890,HNH,2.61179511977623,False,False,1.3850417302397173,0.00659056423591929,1,1
893,HNH,0.0,False,True,-9.965784284662087,9.20531929822126e-06,0,1
895,HNH,0.0,False,True,-9.965784284662087,0.00104946663711393,0,1
898,HNH,0.0,False,True,-9.965784284662087,1.56984727571203e-05,0,1
902,HNH,0.0,False,True,-9.965784284662087,0.0274902806954928,0,1
915,HNH,0.0,False,True,-9.965784284662087,0.00573888570068629,0,1
923,HNH,0.0,False,True,-9.965784284662087,0.0887638713373065,0,1
928,RuvC-III,0.0,False,True,-9.965784284662087,3.95538756235392e-05,0,1
929,RuvC-III,0.0,False,True,-9.965784284662087,4.84962913401763e-08,0,1
930,RuvC-III,0.0,False,True,-9.965784284662087,5.8210220258949e-05,0,1
931,RuvC-III,0.0,False,True,-9.965784284662087,2.12368782764125e-48,0,1
932,RuvC-III,0.0,False,True,-9.965784284662087,4.51410418121002e-36,0,1
934,RuvC-III,0.0,False,True,-9.965784284662087,0.0387926979786667,0,1
936,RuvC-III,0.0,False,True,-9.965784284662087,0.0010379424734415,0,1
939,RuvC-III,0.0,False,True,-9.965784284662087,2.52329641904961e-39,0,1
940,RuvC-III,6.74700710341111,False,False,2.7542476807416714,1.89814218995853e-15,1,1
941,RuvC-III,2.79129511386716,False,False,1.4809346635673033,0.0634710765001237,1,1
942,RuvC-III,0.358595483568356,False,False,-1.4795707769949837,0.0206772917031579,0,1
944,RuvC-III,11.9946334035266,False,False,3.584317159563613,4.71038057114199e-08,1,1
946,RuvC-III,0.0,False,True,-9.965784284662087,0.0657311756687594,0,1
947,RuvC-III,4.53700551859459,False,False,2.1817404145143584,8.84748496817241e-09,1,1
952,RuvC-III,6.94197733439495,False,False,2.795346654764746,3.28880764551286e-19,1,1
953,RuvC-III,1.52806010828261,False,False,0.6117012948236832,0.00127843210694092,0,1
955,RuvC-III,0.0,False,True,-9.965784284662087,2.54685315417743e-09,0,1
956,RuvC-III,0.0,False,True,-9.965784284662087,1.23873270202067e-23,0,1
957,RuvC-III,0.0,False,True,-9.965784284662087,1.42223001048877e-58,0,1
958,RuvC-III,0.0041245316181107,False,False,-7.921553988478316,6.29278191027644e-16,0,1
961,RuvC-III,0.0,False,True,-9.965784284662087,0.000331760843763212,0,1
968,RuvC-III,0.0,False,True,-9.965784284662087,0.0868382109359419,0,1
971,RuvC-III,0.0,False,True,-9.965784284662087,0.00106853405239816,0,1
973,RuvC-III,0.0,False,True,-9.965784284662087,0.000697655854630281,0,1
976,RuvC-III,0.0,False,True,-9.965784284662087,0.000129392726211159,0,1
979,RuvC-III,0.0,False,True,-9.965784284662087,7.63061171375227e-22,0,1
980,RuvC-III,0.0,False,True,-9.965784284662087,3.58591174449335e-08,0,1
984,RuvC-III,0.0,False,True,-9.965784284662087,1.76250352474337e-05,0,1
985,RuvC-III,0.0,False,True,-9.965784284662087,6.37860192537473e-07,0,1
986,RuvC-III,0.0,False,True,-9.965784284662087,2.93867424269902e-05,0,1
988,RuvC-III,0.0,False,True,-9.965784284662087,7.28318300825095e-15,0,1
990,RuvC-III,0.0,False,True,-9.965784284662087,1.23464441090928e-06,0,1
992,RuvC-III,0.0,False,True,-9.965784284662087,1.62959893976713e-20,0,1
993,RuvC-III,0.0,False,True,-9.965784284662087,3.52705185710149e-07,0,1
994,RuvC-III,0.0,False,True,-9.965784284662087,2.54964306320843e-08,0,1
995,RuvC-III,0.0,False,True,-9.965784284662087,0.00537626106393508,0,1
996,RuvC-III,0.0,False,True,-9.965784284662087,1.15539889034774e-10,0,1
997,RuvC-III,0.0,False,True,-9.965784284662087,2.65620429519899e-19,0,1
998,RuvC-III,0.0,False,True,-9.965784284662087,8.61151294776603e-10,0,1
999,RuvC-III,0.0,False,True,-9.965784284662087,6.46756927844317e-13,0,1
1007,RuvC-III,0.0319090631919593,False,False,-4.969889936160757,4.80938471564969e-19,0,1
1010,RuvC-III,7.44220805795088,False,False,2.8957307237045007,5.57353485461595e-11,1,1
1011,RuvC-III,2.24267060128794,False,False,1.1652177359897453,0.00433974146105387,1,1
1012,RuvC-III,9.4265787555265,False,False,3.236734259975751,1.22239778068656e-12,1,1
1015,RuvC-III,6.60551335568313,False,False,2.723670686667952,1.71679018100528e-09,1,1
1016,RuvC-III,6.7642280739746,False,False,2.7579253048757493,4.73843041782127e-12,1,1
1018,RuvC-III,inf,True,False,5.90855952445512,0.0867541890372857,1,1
1022,RuvC-III,6.42838530859103,False,False,2.6844564047649873,1.43556788484378e-13,1,1
1025,RuvC-III,0.0,False,True,-9.965784284662087,0.000717467858758886,0,1
1026,RuvC-III,2.74377413964225,False,False,1.4561617274913534,8.56812679315423e-07,1,1
1027,RuvC-III,32.6427202324407,False,False,5.028689382047506,9.98515812831594e-09,1,1
1031,RuvC-III,2.23634435246851,False,False,1.161142351574825,0.0268483548606946,1,1
1033,RuvC-III,0.244790688776139,False,False,-2.0303794123141885,0.00519934843120825,0,1
1034,RuvC-III,3.85035514042641,False,False,1.9449915200159413,7.69332098647061e-08,1,1
1044,RuvC-III,0.121994263943904,False,False,-3.0351147796748665,2.4859940402352e-06,0,1
1046,RuvC-III,2.47964675020407,False,False,1.3101346093105144,5.55424424663229e-06,1,1
1047,RuvC-III,4.33244195449873,False,False,2.115180420471929,1.11881098747541e-17,1,1
1049,RuvC-III,3.81957226792564,False,False,1.9334110881319038,1.56339678965977e-27,1,1
1050,RuvC-III,8.65611227492414,False,False,3.1137192118987613,4.63462037957257e-21,1,1
1051,RuvC-III,3.27631685272607,False,False,1.7120748868176716,0.00262530512829523,1,1
1052,RuvC-III,38.2105092528187,False,False,5.255897580314277,4.7861304205379e-12,1,1
1053,RuvC-III,6.52441135053925,False,False,2.7058477438331585,1.91623870768683e-19,1,1
1054,RuvC-III,4.22217009460108,False,False,2.077984700355936,8.48366988175221e-05,1,1
1055,RuvC-III,0.0,False,True,-9.965784284662087,0.00139396121759711,0,1
1056,RuvC-III,8.13479597561803,False,False,3.0241061629039234,5.36891760312944e-15,1,1
1058,RuvC-III,44.5319958688808,False,False,5.476770367921477,1.41256893468005e-23,1,1
1061,RuvC-III,5.40049368650894,False,False,2.4330912973728687,1.02211742664555e-12,1,1
1062,RuvC-III,6.30934669591162,False,False,2.657490628446562,4.62494768907675e-16,1,1
1063,RuvC-III,8.51731388647949,False,False,3.090398518049636,0.059368502818064,1,1
1064,RuvC-III,16.5327478290214,False,False,4.047254622895821,8.13548606465763e-17,1,1
1065,RuvC-III,3.91192219862132,False,False,1.9678776778618863,1.80553713869263e-05,1,1
1066,RuvC-III,0.0,False,True,-9.965784284662087,0.000243552449475078,0,1
1068,RuvC-III,7.13028329129524,False,False,2.8339593971218466,1.993164677944e-28,1,1
1069,RuvC-III,0.0,False,True,-9.965784284662087,0.00585848579053226,0,1
1070,RuvC-III,5.73337472864749,False,False,2.5193845754771007,3.30821657351782e-40,1,1
1071,RuvC-III,24.4344764731109,False,False,4.610846288985437,5.07914921623872e-29,1,1
1073,RuvC-III,12.2597708597442,False,False,3.615860109593053,3.78157779627739e-08,1,1
1075,RuvC-III,0.0,False,True,-9.965784284662087,2.946865478826e-14,0,1
1081,RuvC-III,0.129167334377492,False,False,-2.952686827410495,9.8774687795098e-05,0,1
1082,RuvC-III,0.0167242440831096,False,False,-5.901915185616192,1.17872284918535e-98,0,1
1083,RuvC-III,0.0,False,True,-9.965784284662087,5.12205669323732e-39,0,1
1084,RuvC-III,0.000767980192692496,False,False,-9.965784284662087,4.28156927351197e-85,0,1
1085,RuvC-III,0.0,False,True,-9.965784284662087,0.0183968823525896,0,1
1087,RuvC-III,0.0,False,True,-9.965784284662087,5.15074767225887e-06,0,1
1088,RuvC-III,0.0212480965156259,False,False,-5.55652258478172,1.59129021094366e-27,0,1
1089,RuvC-III,0.0,False,True,-9.965784284662087,9.51464347344472e-30,0,1
1091,RuvC-III,0.00751661823823408,False,False,-7.055700552050871,8.88809607076858e-114,0,1
1092,RuvC-III,0.0,False,True,-9.965784284662087,0.00801952570817862,0,1
1093,RuvC-III,0.0,False,True,-9.965784284662087,2.68571423088601e-16,0,1
1095,RuvC-III,0.00256757580526994,False,False,-8.605377413270489,1.70137354797512e-91,0,1
1096,RuvC-III,0.0,False,True,-9.965784284662087,2.03462623647299e-57,0,1
1097,RuvC-III,0.0,False,True,-9.965784284662087,0.0429492736427644,0,1
1098,RuvC-III,0.0,False,True,-9.965784284662087,0.00182817035623604,0,1
1099,PI,0.0,False,True,-9.965784284662087,4.60305446828437e-29,0,1
1100,PI,0.0,False,True,-9.965784284662087,0.00357183317142539,0,1
1101,PI,0.0,False,True,-9.965784284662087,1.071164479176e-14,0,1
1102,PI,0.0,False,True,-9.965784284662087,2.26981863129106e-18,0,1
1103,PI,0.0103277550780331,False,False,-6.597329497020162,1.48735718209599e-28,0,1
1104,PI,0.0,False,True,-9.965784284662087,0.00242241412132911,0,1
1106,PI,0.0,False,True,-9.965784284662087,8.73306962303214e-13,0,1
1107,PI,0.0,False,True,-9.965784284662087,1.21915070750365e-103,0,1
1108,PI,0.0,False,True,-9.965784284662087,2.08897213020149e-72,0,1
1109,PI,0.0,False,True,-9.965784284662087,0.00686499637163562,0,1
1110,PI,0.0,False,True,-9.965784284662087,2.36912295522445e-06,0,1
1113,PI,0.136112797967381,False,False,-2.8771253726741755,4.90631367584998e-08,0,1
1118,PI,0.0,False,True,-9.965784284662087,0.0893898429903541,0,1
1120,PI,0.0,False,True,-9.965784284662087,1.26678379533306e-31,0,1
1121,PI,0.0,False,True,-9.965784284662087,7.88956958883924e-06,0,1
1122,PI,0.0,False,True,-9.965784284662087,0.0136781991786634,0,1
1123,PI,0.0,False,True,-9.965784284662087,0.00377530876692028,0,1
1125,PI,0.0,False,True,-9.965784284662087,0.00340685591602342,0,1
1126,PI,0.0,False,True,-9.965784284662087,0.00104076072463901,0,1
1127,PI,0.0,False,True,-9.965784284662087,1.48084477900699e-12,0,1
1128,PI,0.0,False,True,-9.965784284662087,0.0397059353986327,0,1
1135,PI,0.0,False,True,-9.965784284662087,0.000291764656208715,0,1
1136,PI,0.0,False,True,-9.965784284662087,0.0010551138721593,0,1
1138,PI,0.0,False,True,-9.965784284662087,1.26282109009711e-49,0,1
1139,PI,0.0101985825811892,False,False,-6.615487532203926,0.000300402763545079,0,1
1140,PI,0.0,False,True,-9.965784284662087,0.00029113082574372,0,1
1141,PI,0.0,False,True,-9.965784284662087,1.14208012112559e-05,0,1
1143,PI,0.0,False,True,-9.965784284662087,4.48120743073301e-42,0,1
1144,PI,1.97762602301349,False,False,0.9837696324899876,0.00127979965815207,0,1
1145,PI,4.37514695118242,False,False,2.129331474586497,2.81237560490387e-32,1,1
1147,PI,0.0,False,True,-9.965784284662087,0.0052260898979816,0,1
1148,PI,2.69955722764723,False,False,1.4327228006611248,4.68864838666359e-07,1,1
1149,PI,4.82801860043523,False,False,2.271431234233774,1.93405836362941e-17,1,1
1150,PI,1.91117194911828,False,False,0.934457584165916,4.63285535636275e-05,0,1
1152,PI,3.1049248247875,False,False,1.6345583389065637,1.51576713310309e-06,1,1
1153,PI,15.5112011045025,False,False,3.9552385001793007,5.34998966292318e-08,1,1
1155,PI,13.5614761466785,False,False,3.7614423171363223,5.65330308542871e-66,1,1
1156,PI,18.1815982106719,False,False,4.184407116711339,2.53571123408113e-42,1,1
1160,PI,2.77184367547893,False,False,1.4708458956530486,6.11580491724199e-09,1,1
1161,PI,2.39880080511868,False,False,1.2623133621336649,0.00118756836381547,1,1
1163,PI,0.0,False,True,-9.965784284662087,0.0884318907749229,0,1
1165,PI,0.0730126719702893,False,False,-3.775709312054359,8.89875837862778e-30,0,1
1167,PI,0.0,False,True,-9.965784284662087,1.52355236142883e-05,0,1
1168,PI,0.0,False,True,-9.965784284662087,4.0893091674247e-08,0,1
1169,PI,0.0,False,True,-9.965784284662087,5.1438618765379e-06,0,1
1170,PI,1.89310856377981,False,False,0.9207571474049085,0.00286903093306355,0,1
1171,PI,0.0,False,True,-9.965784284662087,0.000242761755228442,0,1
1175,PI,2.63360620984189,False,False,1.3970396426406821,0.000479587616403043,1,1
1179,PI,3.0263502881996,False,False,1.59757898352314,3.61231500316769e-18,1,1
1182,PI,0.0,False,True,-9.965784284662087,2.07095476239681e-08,0,1
1183,PI,6.24254117898352,False,False,2.6421334329367263,1.3145600147738e-40,1,1
1185,PI,0.0,False,True,-9.965784284662087,5.24933781732995e-11,0,1
1186,PI,3.42137054250735,False,False,1.7745743598464203,2.08539751397512e-14,1,1
1188,PI,7.00067033267082,False,False,2.8074930705315984,4.36038934649518e-49,1,1
1189,PI,5.98016616392088,False,False,2.580185571469222,1.38739119779568e-57,1,1
1190,PI,4.9730901915771,False,False,2.314142595983042,2.64557497120874e-22,1,1
1191,PI,16.0490731547399,False,False,4.004418077987558,1.65080386697874e-52,1,1
1193,PI,2.42313883106915,False,False,1.2768770647798295,0.0153584496456408,1,1
1194,PI,9.79061435262924,False,False,3.291399390542245,2.45411782944934e-53,1,1
1195,PI,5.39171483451304,False,False,2.4307441950150896,5.10548818529074e-23,1,1
1196,PI,7.81270832124891,False,False,2.965822753785385,4.5856458136844e-64,1,1
1197,PI,3.88420728307131,False,False,1.9576201931050725,1.84123715351123e-29,1,1
1198,PI,0.0,False,True,-9.965784284662087,0.000131226780603995,0,1
1199,PI,0.0534081443075088,False,False,-4.226796431829347,1.67602958985035e-62,0,1
1200,PI,0.0,False,True,-9.965784284662087,5.39916861857325e-23,0,1
1202,PI,0.0,False,True,-9.965784284662087,0.000216166733616084,0,1
1204,PI,10.2705872093302,False,False,3.360446763376027,1.30447939795025e-29,1,1
1205,PI,6.91306339296393,False,False,2.7893251552552996,5.15501905877801e-38,1,1
1206,PI,15.6843430570645,False,False,3.971253197663798,2.98924032393083e-17,1,1
1207,PI,10.0616132965525,False,False,3.330789742806996,4.90345826418842e-35,1,1
1208,PI,0.0,False,True,-9.965784284662087,0.00119034400785595,0,1
1209,PI,0.0,False,True,-9.965784284662087,0.00155110595035313,0,1
1210,PI,0.0,False,True,-9.965784284662087,5.93734267416058e-05,0,1
1212,PI,14.0217835326399,False,False,3.8095979627838767,3.19984138058237e-36,1,1
1213,PI,3.20860356106298,False,False,1.681945548479164,1.096601485506e-12,1,1
1214,PI,0.212097696450697,False,False,-2.237199142746866,0.000444823339978122,0,1
1215,PI,0.0338190057800867,False,False,-4.88602194212683,7.3486560296165e-69,0,1
1216,PI,0.0,False,True,-9.965784284662087,9.47235444598104e-05,0,1
1218,PI,0.823177111126162,False,False,-0.2807252269944821,0.0684610674750961,0,1
1219,PI,0.0,False,True,-9.965784284662087,1.07331100518141e-23,0,1
1221,PI,0.0,False,True,-9.965784284662087,0.00526739247143635,0,1
1222,PI,0.0,False,True,-9.965784284662087,7.10710080296845e-08,0,1
1223,PI,0.0,False,True,-9.965784284662087,0.0011675639071749,0,1
1226,PI,0.0,False,True,-9.965784284662087,2.28367029372743e-10,0,1
1227,PI,0.00484230295346516,False,False,-7.690090941841319,5.55221857364632e-65,0,1
1228,PI,13.740291313034,False,False,3.7803406864825497,4.73651598000348e-67,1,1
1229,PI,4.09336740966944,False,False,2.0332881650265335,9.04045021016855e-14,1,1
1230,PI,5.6663005674209,False,False,2.502407131124159,1.16060019089358e-49,1,1
1233,PI,2.96746959308507,False,False,1.569233247009514,1.34199504688463e-06,1,1
1234,PI,3.18664283491727,False,False,1.6720373281307144,4.16847093660408e-13,1,1
1237,PI,5.62626693878575,False,False,2.492178003083906,7.55935238327941e-31,1,1
1238,PI,3.40787268933464,False,False,1.7688714406411314,0.0145981158318082,1,1
1239,PI,6.41383946484347,False,False,2.6811882443045603,2.01272499430643e-22,1,1
1240,PI,6.91999256806208,False,False,2.790770488436315,6.02696256005467e-34,1,1
1242,PI,3.40803238679756,False,False,1.768939045672383,0.00487029894744478,1,1
1243,PI,17.0279823095506,False,False,4.089835591297864,6.60918469099356e-25,1,1
1244,PI,60.0694489614718,False,False,5.90855952445512,6.2093051489007e-08,1,1
1246,PI,2.71154852497358,False,False,1.4391169885763673,0.00350575736855535,1,1
1247,PI,3.49679191396787,False,False,1.8060319471312254,1.63484834311421e-05,1,1
1248,PI,5.18655566508842,False,False,2.3747767785635543,1.94667539396571e-14,1,1
1249,PI,0.0,False,True,-9.965784284662087,0.0169477450128799,0,1
1250,PI,6.10306227794377,False,False,2.609533312289431,1.25609733016365e-48,1,1
1251,PI,15.5729738318677,False,False,3.960972564212381,1.86663791979406e-17,1,1
1252,PI,12.0590902223357,False,False,3.5920491645437496,8.99525937258975e-24,1,1
1253,PI,8.33335942481254,False,False,3.0588982060922167,2.03426734289389e-28,1,1
1255,PI,2.33036366979445,False,False,1.2205551152520988,0.00859623953252842,1,1
1259,PI,4.63690791655206,False,False,2.2131630767981,1.12731988546582e-31,1,1
1260,PI,8.33516802845737,False,False,3.0592112827604323,4.54486707978188e-75,1,1
1261,PI,0.0,False,True,-9.965784284662087,9.12955711697372e-05,0,1
1262,PI,7.31590019906972,False,False,2.8710353944839415,1.36811756037635e-32,1,1
1267,PI,6.34341134371433,False,False,2.6652588979480463,1.17381262437762e-58,1,1
1268,PI,5.31516932126915,False,False,2.4101156513169397,6.25034387765395e-25,1,1
1269,PI,5.06131414952893,False,False,2.3395120234281856,4.92277184810882e-25,1,1
1270,PI,4.52181080002546,False,False,2.1769006286273838,8.12388979458584e-35,1,1
1271,PI,0.0,False,True,-9.965784284662087,6.62735989646929e-31,0,1
1272,PI,0.0,False,True,-9.965784284662087,1.40321219737522e-36,0,1
1273,PI,0.0212652623662232,False,False,-5.5553575350408115,2.38129731326683e-23,0,1
1274,PI,0.0,False,True,-9.965784284662087,7.02019720680626e-84,0,1
1277,PI,0.0727299471237452,False,False,-3.781306662345315,2.00941433511703e-17,0,1
1278,PI,0.0,False,True,-9.965784284662087,2.63718620658232e-09,0,1
1279,PI,0.146080860322765,False,False,-2.7751609278772085,1.12813339711503e-05,0,1
1281,PI,2.20762783932084,False,False,1.1424969838823598,0.00244802002211613,1,1
1282,PI,15.9168632339371,False,False,3.9924841441653873,8.71149053569911e-37,1,1
1283,PI,3.57213270800914,False,False,1.8367856788998478,1.03854078637005e-23,1,1
1284,PI,3.34778095835704,False,False,1.7432051370191035,4.12875123463092e-14,1,1
1286,PI,1.55736259570792,False,False,0.6391048815571843,0.0971939630563549,0,1
1287,PI,16.6908479514453,False,False,4.060985345230159,1.2681159112766e-15,1,1
1289,PI,4.97135696187028,False,False,2.3136396978551748,2.33267812169892e-12,1,1
1291,PI,8.15916689868237,False,False,3.028421851645461,1.74571109931516e-30,1,1
1292,PI,2.29364813685195,False,False,1.1976440878864205,4.35181757266035e-14,1,1
1293,PI,6.41333733160206,False,False,2.6810752926942234,2.91537863041794e-21,1,1
1294,PI,6.74313430326943,False,False,2.7534193321656537,1.31744724557526e-20,1,1
1295,PI,7.02658736337266,False,False,2.8128241787246426,1.51934973134974e-56,1,1
1296,PI,3.77350040117306,False,False,1.9159034275855125,4.40574978314315e-07,1,1
1298,PI,4.31681159595877,False,False,2.1099661288180505,8.73806538976576e-22,1,1
1299,PI,4.85825199807122,False,False,2.2804373246667886,5.16982868618184e-23,1,1
1300,PI,10.1629954883086,False,False,3.3452537862872647,6.43911640959632e-21,1,1
1301,PI,0.0,False,True,-9.965784284662087,1.01794833192617e-07,0,1
1302,PI,5.92839470643745,False,False,2.5676415039971703,3.77550516638854e-42,1,1
1304,PI,6.53368687574083,False,False,2.707897315865583,7.55935238327941e-31,1,1
1305,PI,0.0,False,True,-9.965784284662087,0.00139732824820355,0,1
1306,PI,6.3676144692584,False,False,2.67075298975617,1.65501182629929e-48,1,1
1307,PI,2.44351156365499,False,False,1.2889559319994564,1.91135922425739e-12,1,1
1308,PI,0.15457142604815,False,False,-2.693654446443939,0.0138544190981864,0,1
1309,PI,0.0,False,True,-9.965784284662087,0.0117131748814334,0,1
1310,PI,0.0,False,True,-9.965784284662087,1.24458055904061e-35,0,1
1311,PI,0.0,False,True,-9.965784284662087,5.96890940603977e-52,0,1
1312,PI,0.0,False,True,-9.965784284662087,7.20485905172429e-08,0,1
1313,PI,0.0,False,True,-9.965784284662087,0.00151117195186166,0,1
1314,PI,0.0,False,True,-9.965784284662087,1.38629724534297e-87,0,1
1315,PI,0.0,False,True,-9.965784284662087,1.63885994816649e-19,0,1
1316,PI,0.0,False,True,-9.965784284662087,2.11115022231952e-46,0,1
1317,PI,0.0,False,True,-9.965784284662087,3.17361003559136e-41,0,1
1319,PI,0.0,False,True,-9.965784284662087,2.58572334088326e-19,0,1
1320,PI,0.0,False,True,-9.965784284662087,0.0590527422168052,0,1
1322,PI,0.0,False,True,-9.965784284662087,6.54810654789276e-32,0,1
1323,PI,0.0,False,True,-9.965784284662087,1.14715324697737e-13,0,1
1325,PI,0.0,False,True,-9.965784284662087,1.49499615142721e-10,0,1
1327,PI,0.0,False,True,-9.965784284662087,0.0088959502594608,0,1
1328,PI,0.266832735128141,False,False,-1.9059924272028956,0.000183496659437342,0,1
1329,PI,0.393814156361435,False,False,-1.3444131224357105,0.000337406589025676,0,1
1332,PI,0.0152673118680823,False,False,-6.033410122137819,9.48917763555331e-13,0,1
1333,PI,0.0,False,True,-9.965784284662087,4.2434009055619e-08,0,1
1334,PI,0.0,False,True,-9.965784284662087,2.63892946970109e-05,0,1
1336,PI,0.0,False,True,-9.965784284662087,0.0184615061521746,0,1
1337,PI,0.0,False,True,-9.965784284662087,3.05331525005475e-07,0,1
1338,PI,0.0902537237397863,False,False,-3.4698697330093022,3.11555098452679e-10,0,1
1339,PI,0.556182527029499,False,False,-0.846369673043208,0.00209467824221259,0,1
1340,PI,0.270962014692412,False,False,-1.883837475986846,1.32143462105758e-05,0,1
1344,PI,2.8983783971803,False,False,1.5352459579377196,0.0181813766906699,1,1
1346,PI,5.95218220322284,False,False,2.5734186896957265,0.000567939879613691,1,1
1347,PI,5.96523437500517,False,False,2.576578822751175,4.43987046608489e-11,1,1
1348,PI,4.75496394679169,False,False,2.249434402288357,2.9120354079523e-06,1,1
1349,PI,0.0150452334564513,False,False,-6.054549696672672,7.59197665755754e-15,0,1
1350,PI,0.0,False,True,-9.965784284662087,0.00526739247143635,0,1
1351,PI,0.0,False,True,-9.965784284662087,2.57788480884678e-05,0,1
1352,PI,0.0,False,True,-9.965784284662087,5.86806032521239e-63,0,1
1353,PI,0.000956175696553827,False,False,-9.965784284662087,4.46306742416145e-25,0,1
1354,PI,0.0,False,True,-9.965784284662087,2.32078044573145e-110,0,1
1355,PI,0.0,False,True,-9.965784284662087,1.25168530086936e-08,0,1
1356,PI,0.0,False,True,-9.965784284662087,3.78802858895845e-30,0,1
1357,PI,0.0,False,True,-9.965784284662087,4.41004951746689e-44,0,1
1358,PI,0.0,False,True,-9.965784284662087,0.0181595480956303,0,1
1359,PI,0.245693153913059,False,False,-2.0250704364273484,2.02933050381752e-08,0,1
1360,PI,4.19732137557266,False,False,2.0694689300321376,1.54013917139592e-13,1,1
1362,PI,0.0,False,True,-9.965784284662087,0.0427767462644166,0,1
1363,PI,5.21495763611658,False,False,2.382655533011049,7.02017508978042e-12,1,1
1364,PI,0.0,False,True,-9.965784284662087,0.0514371316495893,0,1
1365,PI,0.0,False,True,-9.965784284662087,0.00019924251118351,0,1
1366,PI,5.04494607270006,False,False,2.3348388479116107,3.48788599712648e-18,1,1
1367,PI,10.5179404749407,False,False,3.3947803320771293,1.20036756071626e-22,1,1
1368,PI,0.0,False,True,-9.965784284662087,0.00706574654106972,0,1
